Date,Adj Close,Close,High,Low,Open,Volume
2023-01-02,644.3687133789062,694.0999755859375,695.0,685.0999755859375,689.4000244140625,194703
2023-01-03,652.4453735351562,702.7999877929688,711.2999877929688,691.2999877929688,691.5,316482
2023-01-04,685.1234130859375,738.0,738.0,710.9000244140625,714.9000244140625,570725
2023-01-05,676.2112426757812,728.4000244140625,734.7000122070312,722.0999755859375,729.0,327709
2023-01-06,695.1495971679688,748.7999877929688,748.7999877929688,728.7999877929688,734.0,318415
2023-01-09,705.1756591796875,759.5999755859375,761.5999755859375,746.0999755859375,748.0,486846
2023-01-10,702.1121215820312,756.2999877929688,758.4000244140625,747.2000122070312,748.7000122070312,327475
2023-01-11,716.9658203125,772.2999877929688,775.2999877929688,759.5,764.5999755859375,450736
2023-01-12,718.2655029296875,773.7000122070312,787.9000244140625,768.9000244140625,769.2000122070312,462249
2023-01-13,729.0343017578125,785.2999877929688,787.5999755859375,772.7999877929688,780.5999755859375,375528
2023-01-16,735.9041748046875,792.7000122070312,793.7999877929688,782.0,788.2000122070312,278890
2023-01-17,740.2674560546875,797.4000244140625,803.2999877929688,787.0,789.2999877929688,388436
2023-01-18,744.4449462890625,801.9000244140625,805.7999877929688,787.2000122070312,789.7000122070312,425156
2023-01-19,720.9577026367188,776.5999755859375,799.5999755859375,774.7000122070312,798.7000122070312,493048
2023-01-20,726.7134399414062,782.7999877929688,789.7999877929688,775.0,783.0,430218
2023-01-23,731.6336669921875,788.0999755859375,791.0999755859375,776.5999755859375,786.7999877929688,244069
2023-01-24,737.8536376953125,794.7999877929688,795.2999877929688,786.0999755859375,790.2999877929688,325598
2023-01-25,735.5328369140625,792.2999877929688,799.7000122070312,787.0999755859375,793.5,282357
2023-01-26,744.1664428710938,801.5999755859375,804.2000122070312,794.5,797.0999755859375,308282
2023-01-27,743.609619140625,801.0,808.2000122070312,783.7000122070312,785.5999755859375,508869
2023-01-30,741.5670776367188,798.7999877929688,799.7000122070312,786.7000122070312,791.7999877929688,296812
2023-01-31,742.6810913085938,800.0,802.5999755859375,792.5999755859375,797.4000244140625,334681
2023-02-01,738.5036010742188,795.5,802.0999755859375,792.2000122070312,800.0,292831
2023-02-02,751.1292114257812,809.0999755859375,812.7999877929688,795.2999877929688,798.2999877929688,403666
2023-02-03,769.9746704101562,829.4000244140625,830.5,804.5,807.0,505251
2023-02-06,755.86376953125,814.2000122070312,825.7000122070312,807.4000244140625,820.2000122070312,289604
2023-02-07,749.5509643554688,807.4000244140625,814.0,800.7000122070312,812.5999755859375,340198
2023-02-08,742.7740478515625,800.0999755859375,818.0999755859375,798.5,814.2999877929688,319321
2023-02-09,751.221923828125,809.2000122070312,813.7999877929688,806.9000244140625,807.7000122070312,275408
2023-02-10,740.4530639648438,797.5999755859375,808.0,790.7999877929688,804.7000122070312,395687
2023-02-13,752.2431640625,810.2999877929688,812.9000244140625,798.0,800.5,244265
2023-02-14,752.4288940429688,810.5,817.5999755859375,804.5,811.2999877929688,263811
2023-02-15,763.661865234375,822.5999755859375,830.0,807.5999755859375,809.2999877929688,378844
2023-02-16,764.311767578125,823.2999877929688,829.2000122070312,818.0999755859375,821.7999877929688,314812
2023-02-17,759.7628173828125,818.4000244140625,823.5999755859375,804.5999755859375,814.2000122070312,439757
2023-02-20,755.3067626953125,813.5999755859375,820.5,810.0999755859375,820.5,168536
2023-02-21,750.9434814453125,808.9000244140625,812.2999877929688,798.5,808.5999755859375,264826
2023-02-22,751.5004272460938,809.5,812.0999755859375,793.9000244140625,801.4000244140625,289482
2023-02-23,751.0363159179688,809.0,814.2999877929688,806.5999755859375,809.7000122070312,273432
2023-02-24,721.6075439453125,777.2999877929688,812.7000122070312,777.2999877929688,811.4000244140625,839007
2023-02-27,737.8536376953125,794.7999877929688,800.2000122070312,787.5999755859375,788.2999877929688,312317
2023-02-28,732.46923828125,789.0,795.7999877929688,787.4000244140625,790.0,440118
2023-03-01,735.4400024414062,792.2000122070312,810.5,790.9000244140625,803.2999877929688,379198
2023-03-02,746.6731567382812,804.2999877929688,805.9000244140625,780.9000244140625,785.2999877929688,350482
2023-03-03,756.69921875,815.0999755859375,817.0999755859375,804.4000244140625,808.5999755859375,302048
2023-03-06,765.8899536132812,825.0,830.7000122070312,820.7999877929688,826.0,333821
2023-03-07,757.6275634765625,816.0999755859375,826.4000244140625,815.7000122070312,816.7000122070312,307546
2023-03-08,752.3359985351562,810.4000244140625,818.2999877929688,804.4000244140625,805.0,306714
2023-03-09,747.5086059570312,805.2000122070312,811.0,802.5999755859375,809.0,305905
2023-03-10,745.0948486328125,802.5999755859375,807.2999877929688,785.0,790.0,424800
2023-03-13,725.6923828125,781.7000122070312,805.7999877929688,775.5,803.7000122070312,656071
2023-03-14,743.1453247070312,800.5,804.5,782.2999877929688,785.2999877929688,471562
2023-03-15,719.19384765625,774.7000122070312,800.4000244140625,767.5999755859375,797.5999755859375,658997
2023-03-16,744.25927734375,801.7000122070312,809.2999877929688,776.7000122070312,785.2999877929688,600374
2023-03-17,730.89111328125,787.2999877929688,808.0,784.5,805.0,932225
2023-03-20,746.8587646484375,804.5,810.5,780.7000122070312,790.2000122070312,447024
2023-03-21,748.901123046875,806.7000122070312,815.5999755859375,803.2999877929688,810.7000122070312,294749
2023-03-22,756.5136108398438,814.9000244140625,816.7999877929688,802.4000244140625,804.7000122070312,256456
2023-03-23,761.9907836914062,820.7999877929688,821.0,809.0999755859375,811.7999877929688,277171
2023-03-24,755.1210327148438,813.4000244140625,820.5999755859375,809.7000122070312,818.0,375369
2023-03-27,758.463134765625,817.0,821.7999877929688,813.0999755859375,819.4000244140625,307155
2023-03-28,755.86376953125,814.2000122070312,831.0,813.4000244140625,824.2999877929688,331452
2023-03-29,763.1048583984375,822.0,830.0,820.5,820.9000244140625,399785
2023-03-30,767.7465209960938,827.0,835.2000122070312,821.5999755859375,827.0,335213
2023-03-31,783.9000854492188,844.4000244140625,848.2000122070312,828.2000122070312,828.9000244140625,482929
2023-04-03,783.6214599609375,844.0999755859375,845.2000122070312,839.9000244140625,840.9000244140625,263789
2023-04-04,790.027099609375,851.0,852.0,840.4000244140625,846.0,298342
2023-04-05,784.0855712890625,844.5999755859375,855.2000122070312,842.2000122070312,850.0,337453
2023-04-06,769.6961669921875,829.0999755859375,842.7999877929688,826.7000122070312,841.5999755859375,369459
2023-04-11,780.4650268554688,840.7000122070312,848.0,831.4000244140625,837.0,386327
2023-04-12,776.65869140625,836.5999755859375,846.7999877929688,832.0,846.0,355214
2023-04-13,820.5697631835938,883.9000244140625,884.5,861.7000122070312,866.0,567492
2023-04-14,828.8320922851562,892.7999877929688,894.9000244140625,886.5999755859375,890.7999877929688,390098
2023-04-17,811.0078125,873.5999755859375,894.7000122070312,869.9000244140625,893.5,411960
2023-04-18,814.62841796875,877.5,887.0999755859375,869.5999755859375,870.2999877929688,337609
2023-04-19,821.591064453125,885.0,889.5,875.5,877.0,234283
2023-04-20,832.26708984375,896.5,897.0,880.5,880.5,372465
2023-04-21,836.5374145507812,901.0999755859375,901.0999755859375,888.7999877929688,890.2999877929688,409312
2023-04-24,837.373046875,902.0,904.5999755859375,891.5999755859375,892.0999755859375,319706
2023-04-25,832.1334838867188,889.4000244140625,893.9000244140625,884.0999755859375,890.0,287091
2023-04-26,819.0349731445312,875.4000244140625,883.7999877929688,865.7000122070312,883.7999877929688,426044
2023-04-27,820.62548828125,877.0999755859375,890.4000244140625,872.0999755859375,874.5,301676
2023-04-28,814.9183349609375,871.0,881.2999877929688,861.9000244140625,878.0999755859375,460819
2023-05-02,812.7664184570312,868.7000122070312,877.5999755859375,865.2000122070312,874.0999755859375,351365
2023-05-03,822.5903930664062,879.2000122070312,886.5,870.0,870.0,256993
2023-05-04,817.4443969726562,873.7000122070312,879.5999755859375,870.0999755859375,877.2000122070312,323073
2023-05-05,820.4383544921875,876.9000244140625,880.5999755859375,868.4000244140625,879.4000244140625,320258
2023-05-08,827.549072265625,884.5,887.2000122070312,877.7999877929688,880.0,211356
2023-05-09,823.7130737304688,880.4000244140625,886.5999755859375,873.7999877929688,885.0999755859375,270905
2023-05-10,816.1345825195312,872.2999877929688,880.7000122070312,869.0999755859375,878.0,272477
2023-05-11,830.449462890625,887.5999755859375,890.2999877929688,873.4000244140625,873.5,280895
2023-05-12,828.39111328125,885.4000244140625,902.9000244140625,879.2000122070312,894.5,341785
2023-05-15,824.3679809570312,881.0999755859375,894.2999877929688,877.0999755859375,888.0,213429
2023-05-16,819.5963745117188,876.0,878.2000122070312,872.7000122070312,877.0,279007
2023-05-17,818.099365234375,874.4000244140625,877.5,866.4000244140625,873.5999755859375,237058
2023-05-18,816.3217163085938,872.5,880.0,868.4000244140625,876.0,270438
2023-05-19,818.0057983398438,874.2999877929688,881.7000122070312,874.2999877929688,875.4000244140625,322885
2023-05-22,821.6546630859375,878.2000122070312,882.2000122070312,877.0,879.0999755859375,259639
2023-05-23,780.48779296875,834.2000122070312,874.7000122070312,834.0,872.7999877929688,548567
2023-05-24,764.4887084960938,817.0999755859375,825.0,813.5,825.0,580209
2023-05-25,770.3832397460938,823.4000244140625,826.5,812.0999755859375,819.7999877929688,451526
2023-05-26,789.18896484375,843.5,847.2999877929688,826.5,827.9000244140625,402885
2023-05-29,785.9142456054688,840.0,851.2999877929688,839.4000244140625,849.0,170807
2023-05-30,782.1718139648438,836.0,848.7000122070312,835.0,841.7000122070312,350267
2023-05-31,761.494873046875,813.9000244140625,828.5,807.5999755859375,818.2999877929688,859625
2023-06-01,753.9164428710938,805.7999877929688,822.5999755859375,800.4000244140625,819.7999877929688,437556
2023-06-02,777.4002685546875,830.9000244140625,836.0,814.7999877929688,816.0,407227
2023-06-05,761.5883178710938,814.0,830.7999877929688,813.5,827.9000244140625,304374
2023-06-06,759.9978637695312,812.2999877929688,818.5,809.2999877929688,815.2999877929688,337035
2023-06-07,760.3720703125,812.7000122070312,817.5,807.0,810.2000122070312,252880
2023-06-08,765.330810546875,818.0,821.7999877929688,804.7000122070312,806.2000122070312,185796
2023-06-09,767.2020874023438,820.0,823.2999877929688,814.0999755859375,820.7000122070312,236130
2023-06-12,781.0491333007812,834.7999877929688,839.4000244140625,827.9000244140625,829.5,262387
2023-06-13,787.6920166015625,841.9000244140625,850.0999755859375,834.5,844.5,292795
2023-06-14,795.2704467773438,850.0,853.4000244140625,845.0,845.4000244140625,277579
2023-06-15,789.3760986328125,843.7000122070312,851.7000122070312,838.5999755859375,849.0999755859375,243104
2023-06-16,812.6726684570312,868.5999755859375,872.4000244140625,845.5,848.5,1017309
2023-06-19,798.4515991210938,853.4000244140625,865.2999877929688,852.2000122070312,863.4000244140625,240093
2023-06-20,791.5279541015625,846.0,854.5,843.7999877929688,849.2000122070312,254296
2023-06-21,784.3237915039062,838.2999877929688,847.0,833.7000122070312,842.4000244140625,292774
2023-06-22,785.165771484375,839.2000122070312,839.7999877929688,823.9000244140625,832.9000244140625,254059
2023-06-23,776.6516723632812,830.0999755859375,838.0999755859375,825.0,836.5,333101
2023-06-26,781.2361450195312,835.0,839.2999877929688,826.9000244140625,837.0999755859375,228317
2023-06-27,785.5401000976562,839.5999755859375,848.2999877929688,833.2000122070312,839.0,225272
2023-06-28,794.9896240234375,849.7000122070312,850.7999877929688,841.0999755859375,843.7000122070312,233766
2023-06-29,799.9484252929688,855.0,864.9000244140625,848.0,850.0,225721
2023-06-30,807.4334106445312,863.0,864.7000122070312,850.7999877929688,855.0999755859375,457169
2023-07-03,799.8549194335938,854.9000244140625,862.9000244140625,847.7000122070312,862.5,213569
2023-07-04,801.5390014648438,856.7000122070312,863.4000244140625,853.7999877929688,856.7000122070312,109863
2023-07-05,792.9314575195312,847.5,854.9000244140625,845.0999755859375,848.9000244140625,299439
2023-07-06,763.4595336914062,816.0,838.5,814.4000244140625,838.0,444684
2023-07-07,772.25439453125,825.4000244140625,832.5,814.5999755859375,820.0,380704
2023-07-10,777.4002685546875,830.9000244140625,833.2999877929688,819.7000122070312,821.9000244140625,219972
2023-07-11,794.615478515625,849.2999877929688,853.0,837.0,840.0,295807
2023-07-12,810.8952026367188,866.7000122070312,867.7999877929688,848.5,852.7000122070312,323888
2023-07-13,820.8126831054688,877.2999877929688,884.5,869.7999877929688,874.2999877929688,324073
2023-07-14,834.8468627929688,892.2999877929688,892.7000122070312,871.2000122070312,872.4000244140625,301762
2023-07-17,803.69091796875,859.0,869.5,848.0999755859375,865.5999755859375,358674
2023-07-18,803.9716186523438,859.2999877929688,869.4000244140625,851.0,860.4000244140625,226764
2023-07-19,795.6447143554688,850.4000244140625,871.2999877929688,846.0999755859375,870.0999755859375,295475
2023-07-20,799.0130004882812,854.0,854.7999877929688,840.4000244140625,845.5,324118
2023-07-21,812.0179443359375,867.9000244140625,867.9000244140625,852.0,856.0999755859375,280046
2023-07-24,802.3810424804688,857.5999755859375,865.4000244140625,847.0,861.0,205344
2023-07-25,799.0130004882812,854.0,870.0,853.2999877929688,864.4000244140625,262867
2023-07-26,757.8460083007812,810.0,826.4000244140625,804.5,821.0,751898
2023-07-27,786.1949462890625,840.2999877929688,842.2000122070312,816.9000244140625,820.0,486260
2023-07-28,787.0370483398438,841.2000122070312,845.0,824.0999755859375,838.0,372986
2023-07-31,793.4927978515625,848.0999755859375,852.0,838.0,840.7999877929688,344979
2023-08-01,775.6226196289062,829.0,846.2999877929688,828.2999877929688,845.0,273202
2023-08-02,761.12060546875,813.5,828.7000122070312,810.5999755859375,813.0,416321
2023-08-03,758.9686279296875,811.2000122070312,817.5999755859375,804.0,805.0,312193
2023-08-04,763.4595336914062,816.0,818.4000244140625,807.2999877929688,816.0,251650
2023-08-07,764.76953125,817.4000244140625,823.0,810.5,815.7000122070312,154744
2023-08-08,755.2262573242188,807.2000122070312,817.5999755859375,803.7000122070312,814.2000122070312,289837
2023-08-09,755.0391235351562,807.0,820.5999755859375,806.5,818.0,247800
2023-08-10,780.9556274414062,834.7000122070312,839.4000244140625,813.4000244140625,815.2000122070312,360999
2023-08-11,767.5763549804688,820.4000244140625,831.7999877929688,816.7999877929688,825.9000244140625,225266
2023-08-14,763.6467895507812,816.2000122070312,823.0999755859375,811.4000244140625,817.2999877929688,219533
2023-08-15,752.3258056640625,804.0999755859375,816.5,801.0,816.0999755859375,270647
2023-08-16,751.2030639648438,802.9000244140625,810.5999755859375,801.5,802.7999877929688,224335
2023-08-17,734.5492553710938,785.0999755859375,803.2999877929688,780.4000244140625,800.0,421390
2023-08-18,726.8772583007812,776.9000244140625,784.0,764.2999877929688,784.0,490088
2023-08-21,733.4264526367188,783.9000244140625,792.2999877929688,774.7999877929688,777.2000122070312,283048
2023-08-22,739.3208618164062,790.2000122070312,797.7000122070312,785.9000244140625,788.7000122070312,286404
2023-08-23,739.5079345703125,790.4000244140625,796.5999755859375,785.7999877929688,792.7999877929688,218009
2023-08-24,733.2393798828125,783.7000122070312,803.7000122070312,782.5,798.9000244140625,228144
2023-08-25,734.7362670898438,785.2999877929688,793.7000122070312,779.2000122070312,780.0,215140
2023-08-28,747.08642578125,798.5,801.2999877929688,787.0999755859375,795.2999877929688,241609
2023-08-29,757.8460083007812,810.0,810.0,795.2000122070312,803.0,265269
2023-08-30,752.2322387695312,804.0,815.0,796.4000244140625,815.0,280091
2023-08-31,731.8359375,782.2000122070312,805.0,782.2000122070312,805.0,593584
2023-09-01,725.8480224609375,775.7999877929688,790.2000122070312,772.0,781.5,404239
2023-09-04,722.8540649414062,772.5999755859375,786.4000244140625,771.9000244140625,781.0,172252
2023-09-05,710.2232666015625,759.0999755859375,768.7000122070312,755.0999755859375,767.0,389606
2023-09-06,684.400390625,731.5,757.5,723.5999755859375,757.2999877929688,699773
2023-09-07,677.4768676757812,724.0999755859375,737.9000244140625,722.0999755859375,731.2999877929688,504991
2023-09-08,692.3530883789062,740.0,744.7999877929688,723.0,731.2999877929688,489542
2023-09-11,694.411376953125,742.2000122070312,747.0,738.0,742.7000122070312,301258
2023-09-12,687.1137084960938,734.4000244140625,749.0,731.2000122070312,749.0,259306
2023-09-13,682.6226806640625,729.5999755859375,737.0999755859375,726.5999755859375,731.0,367484
2023-09-14,694.78564453125,742.5999755859375,748.7999877929688,720.2999877929688,722.0,551528
2023-09-15,712.1880493164062,761.2000122070312,772.4000244140625,757.4000244140625,759.4000244140625,1180906
2023-09-18,694.6920776367188,742.5,756.0,740.5999755859375,756.0,330109
2023-09-19,689.359130859375,736.7999877929688,745.5999755859375,731.0,738.2000122070312,279403
2023-09-20,689.265625,736.7000122070312,740.4000244140625,728.2999877929688,731.2999877929688,332191
2023-09-21,682.342041015625,729.2999877929688,738.0,723.2000122070312,726.2999877929688,380318
2023-09-22,685.1488647460938,732.2999877929688,736.7999877929688,723.4000244140625,728.2000122070312,349467
2023-09-25,667.3722534179688,713.2999877929688,732.7000122070312,709.0,728.2000122070312,470987
2023-09-26,657.7354736328125,703.0,705.7999877929688,696.7999877929688,705.0,515396
2023-09-27,653.7122802734375,698.7000122070312,708.0,697.2999877929688,704.0,354047
2023-09-28,660.5422973632812,706.0,708.2999877929688,693.2999877929688,695.0,377885
2023-09-29,670.2725830078125,716.4000244140625,732.5999755859375,716.4000244140625,722.0,546642
2023-10-02,668.8692016601562,714.9000244140625,729.9000244140625,709.4000244140625,721.0,308586
2023-10-03,659.8873291015625,705.2999877929688,718.7000122070312,705.0999755859375,709.0,319819
2023-10-04,666.6237182617188,712.5,721.9000244140625,700.7999877929688,702.4000244140625,323333
2023-10-05,674.2022094726562,720.5999755859375,723.2999877929688,713.2999877929688,715.5999755859375,330234
2023-10-06,682.7163696289062,729.7000122070312,731.2999877929688,715.7999877929688,726.0,392760
2023-10-09,664.939697265625,710.7000122070312,724.9000244140625,707.7000122070312,724.9000244140625,370296
2023-10-10,686.2716674804688,733.5,734.5,717.7999877929688,723.0,499891
2023-10-11,641.923583984375,686.0999755859375,699.2000122070312,671.5,691.0,1544205
2023-10-12,631.5382690429688,675.0,690.2999877929688,673.2999877929688,689.7999877929688,628130
2023-10-13,618.0654296875,660.5999755859375,679.7000122070312,658.2999877929688,675.0,442278
2023-10-16,624.1469116210938,667.0999755859375,672.7999877929688,657.7000122070312,666.9000244140625,381824
2023-10-17,625.3632202148438,668.4000244140625,672.4000244140625,655.2999877929688,668.9000244140625,319434
2023-10-18,624.7083129882812,667.7000122070312,677.7999877929688,665.9000244140625,671.5999755859375,350645
2023-10-19,627.4215698242188,670.5999755859375,676.2999877929688,660.5,662.0,364426
2023-10-20,621.24658203125,664.0,670.4000244140625,659.2999877929688,660.5999755859375,427190
2023-10-23,626.2988891601562,669.4000244140625,669.7999877929688,655.0,665.0,294529
2023-10-24,637.1519775390625,681.0,683.5,670.0,676.5999755859375,389751
2023-10-25,635.374267578125,679.0999755859375,680.2000122070312,669.0,677.0,367371
2023-10-26,625.3632202148438,668.4000244140625,674.0999755859375,664.9000244140625,674.0,314944
2023-10-27,618.8140258789062,661.4000244140625,671.4000244140625,660.0999755859375,666.5,331043
2023-10-30,627.7958984375,671.0,676.7999877929688,663.4000244140625,668.7999877929688,238715
2023-10-31,631.0704345703125,674.5,683.4000244140625,669.5,672.0,349214
2023-11-01,631.8189697265625,675.2999877929688,679.7000122070312,668.0,678.5,244374
2023-11-02,655.957763671875,701.0999755859375,707.2999877929688,683.5,686.0999755859375,434576
2023-11-03,657.54833984375,702.7999877929688,711.5,700.2999877929688,706.0,323785
2023-11-06,652.308837890625,697.2000122070312,708.7000122070312,693.0999755859375,708.0,273395
2023-11-07,652.5894775390625,697.5,699.9000244140625,691.2999877929688,695.0,255096
2023-11-08,658.2032470703125,703.5,710.2000122070312,684.2999877929688,697.9000244140625,327672
2023-11-09,668.4014892578125,714.4000244140625,718.2000122070312,702.2999877929688,705.0,351238
2023-11-10,642.8591918945312,687.0999755859375,704.9000244140625,680.7000122070312,702.0,518915
2023-11-13,644.1690673828125,688.5,693.0999755859375,683.0,693.0,286839
2023-11-14,661.38427734375,706.9000244140625,710.5,685.4000244140625,688.5,458565
2023-11-15,672.7052612304688,719.0,726.5999755859375,712.4000244140625,713.0,419937
2023-11-16,660.6358032226562,706.0999755859375,712.5999755859375,699.2000122070312,712.2999877929688,427139
2023-11-17,665.7816162109375,711.5999755859375,715.5,705.0,707.2999877929688,398176
2023-11-20,671.4889526367188,717.7000122070312,720.7999877929688,712.0999755859375,712.7999877929688,277032
2023-11-21,658.7645874023438,704.0999755859375,711.0,702.7000122070312,708.2999877929688,321471
2023-11-22,666.4365844726562,712.2999877929688,714.0999755859375,702.9000244140625,706.7999877929688,253674
2023-11-23,665.7816162109375,711.5999755859375,714.7000122070312,707.0,714.7000122070312,150123
2023-11-24,661.38427734375,706.9000244140625,711.0999755859375,704.7000122070312,710.7000122070312,231022
2023-11-27,652.40234375,697.2999877929688,710.2000122070312,696.4000244140625,708.0999755859375,294670
2023-11-28,640.4265747070312,684.5,687.0,676.2000122070312,683.0,478189
2023-11-29,646.040283203125,690.5,696.9000244140625,682.5,684.5999755859375,292643
2023-11-30,657.4547119140625,702.7000122070312,703.0999755859375,682.2000122070312,693.2999877929688,1013823
2023-12-01,654.18017578125,699.2000122070312,705.0999755859375,689.2000122070312,690.0,384902
2023-12-04,658.895263671875,698.7000122070312,703.9000244140625,692.2000122070312,695.5999755859375,246110
2023-12-05,672.5692138671875,713.2000122070312,715.0,697.7000122070312,698.7000122070312,386508
2023-12-06,677.6615600585938,718.5999755859375,720.5999755859375,709.2999877929688,712.5,351158
2023-12-07,674.8324584960938,715.5999755859375,716.7000122070312,710.5,714.5999755859375,279958
2023-12-08,696.99365234375,739.0999755859375,745.5,716.4000244140625,716.4000244140625,572988
2023-12-11,697.8424072265625,740.0,744.9000244140625,736.2000122070312,739.0999755859375,368183
2023-12-12,691.8070678710938,733.5999755859375,746.7000122070312,733.0,742.2999877929688,322591
2023-12-13,692.65576171875,734.5,742.2000122070312,720.0,720.0,408010
2023-12-14,704.2549438476562,746.7999877929688,754.7999877929688,741.2000122070312,750.0,477648
2023-12-15,705.763916015625,748.4000244140625,755.2999877929688,745.5999755859375,749.7999877929688,822557
2023-12-18,699.5399169921875,741.7999877929688,743.2999877929688,734.0,742.5,272780
2023-12-19,703.0289916992188,745.5,746.5999755859375,731.4000244140625,741.2999877929688,311605
2023-12-20,704.349365234375,746.9000244140625,752.0,740.5999755859375,747.4000244140625,272127
2023-12-21,701.0487670898438,743.4000244140625,744.2999877929688,735.5,741.0,246163
2023-12-22,695.6735229492188,737.7000122070312,742.2000122070312,733.4000244140625,735.2999877929688,290012
2023-12-27,693.5045166015625,735.4000244140625,743.5999755859375,733.7000122070312,738.5,185900
2023-12-28,689.3551025390625,731.0,739.7000122070312,728.5999755859375,736.9000244140625,162422
2023-12-29,691.8070678710938,733.5999755859375,738.2999877929688,732.2000122070312,733.0,139158
2024-01-02,681.8109130859375,723.0,740.5,718.7000122070312,740.0,271775
2024-01-03,655.7832641601562,695.4000244140625,720.4000244140625,692.7999877929688,718.0,422816
2024-01-04,658.0465087890625,697.7999877929688,701.0,693.4000244140625,693.5,307568
2024-01-05,649.653564453125,688.9000244140625,694.0999755859375,680.5999755859375,690.7000122070312,346418
2024-01-08,651.9168701171875,691.2999877929688,691.2999877929688,679.0999755859375,687.5,337785
2024-01-09,641.9207763671875,680.7000122070312,695.5,679.7999877929688,691.2999877929688,316477
2024-01-10,644.0896606445312,683.0,688.5,680.7999877929688,683.9000244140625,330019
2024-01-11,633.905029296875,672.2000122070312,690.0,672.0,688.9000244140625,401115
2024-01-12,631.7359619140625,669.9000244140625,669.9000244140625,647.5999755859375,660.0,518369
2024-01-15,631.0758666992188,669.2000122070312,671.7999877929688,665.9000244140625,669.5999755859375,237797
2024-01-16,628.3411254882812,666.2999877929688,667.0,661.0999755859375,664.2000122070312,302654
2024-01-17,610.517822265625,647.4000244140625,658.7000122070312,644.0,656.4000244140625,512431
2024-01-18,625.6062622070312,663.4000244140625,673.7000122070312,655.7999877929688,670.0,625730
2024-01-19,621.8341674804688,659.4000244140625,669.0999755859375,653.5,668.2000122070312,341063
2024-01-22,625.1347045898438,662.9000244140625,670.2999877929688,659.0,667.0,307905
2024-01-23,632.2075805664062,670.4000244140625,671.7000122070312,664.5,670.0,346518
2024-01-24,644.4669189453125,683.4000244140625,689.4000244140625,669.5,669.5999755859375,525671
2024-01-25,646.2586669921875,685.2999877929688,689.0,677.0,685.0,388550
2024-01-26,729.056640625,773.0999755859375,779.9000244140625,728.7999877929688,732.0,1519188
2024-01-29,732.074462890625,776.2999877929688,779.5999755859375,767.7999877929688,769.5,489398
2024-01-30,737.44970703125,782.0,785.7999877929688,774.4000244140625,778.0999755859375,353778
2024-01-31,729.5281982421875,773.5999755859375,781.4000244140625,770.0999755859375,780.0,460942
2024-02-01,726.6990966796875,770.5999755859375,775.4000244140625,765.2000122070312,768.2000122070312,264135
2024-02-02,733.7718505859375,778.0999755859375,783.0999755859375,772.5,772.5,337368
2024-02-05,736.2237548828125,780.7000122070312,780.7000122070312,774.2999877929688,776.7000122070312,259307
2024-02-06,735.0921630859375,779.5,784.5999755859375,771.2000122070312,780.5,220386
2024-02-07,739.4299926757812,784.0999755859375,789.2999877929688,780.4000244140625,783.4000244140625,324975
2024-02-08,758.6678466796875,804.5,806.0,783.2000122070312,786.2000122070312,487589
2024-02-09,761.4969482421875,807.5,811.5999755859375,798.4000244140625,809.0,362765
2024-02-12,775.0765991210938,821.9000244140625,821.9000244140625,808.7999877929688,809.0,371867
2024-02-13,755.1787109375,800.7999877929688,824.7000122070312,798.4000244140625,820.0999755859375,333391
2024-02-14,756.8761596679688,802.5999755859375,804.2999877929688,784.0,791.7000122070312,208942
2024-02-15,769.1355590820312,815.5999755859375,816.5999755859375,809.9000244140625,813.4000244140625,305395
2024-02-16,769.3240966796875,815.7999877929688,830.2999877929688,815.7000122070312,818.0,387495
2024-02-19,775.0765991210938,821.9000244140625,823.5999755859375,804.0,807.5999755859375,141478
2024-02-20,773.4734497070312,820.2000122070312,824.5,813.5999755859375,816.9000244140625,199095
2024-02-21,774.793701171875,821.5999755859375,828.0,818.9000244140625,825.0,209929
2024-02-22,792.5226440429688,840.4000244140625,840.4000244140625,821.5,826.2999877929688,392244
2024-02-23,801.6699829101562,850.0999755859375,850.0999755859375,840.0,841.2000122070312,329686
2024-02-26,794.2200927734375,842.2000122070312,846.7999877929688,839.2000122070312,841.9000244140625,236443
2024-02-27,801.9530029296875,850.4000244140625,850.4000244140625,840.7000122070312,842.2999877929688,253401
2024-02-28,799.4067993164062,847.7000122070312,850.4000244140625,842.2000122070312,848.5999755859375,183244
2024-02-29,794.7859497070312,842.7999877929688,858.9000244140625,840.0,858.0,534253
2024-03-01,798.1807861328125,846.4000244140625,850.2000122070312,837.5,838.0,233276
2024-03-04,791.9567260742188,839.7999877929688,843.0,832.9000244140625,842.4000244140625,190896
2024-03-05,781.8663940429688,829.0999755859375,838.0999755859375,825.4000244140625,837.0,190990
2024-03-06,785.1669921875,832.5999755859375,838.2000122070312,823.0,826.4000244140625,212634
2024-03-07,791.9567260742188,839.7999877929688,843.7000122070312,820.7999877929688,827.2000122070312,277910
2024-03-08,796.7662963867188,844.9000244140625,850.5,838.2999877929688,840.0,228912
2024-03-11,801.9530029296875,850.4000244140625,850.4000244140625,838.0,838.7999877929688,203515
2024-03-12,810.06298828125,859.0,859.0,837.5,851.4000244140625,297304
2024-03-13,817.7958374023438,867.2000122070312,869.5999755859375,851.5999755859375,853.2999877929688,302204
2024-03-14,823.0768432617188,872.7999877929688,886.4000244140625,872.0999755859375,873.0999755859375,321508
2024-03-15,813.1749877929688,862.2999877929688,873.7999877929688,860.7999877929688,867.2000122070312,800577
2024-03-18,809.2142333984375,858.0999755859375,865.0,854.9000244140625,862.9000244140625,159251
2024-03-19,811.1946411132812,860.2000122070312,860.2000122070312,844.5999755859375,852.0,234362
2024-03-20,797.9921875,846.2000122070312,851.5999755859375,828.9000244140625,834.0,366591
2024-03-21,799.595458984375,847.9000244140625,857.9000244140625,840.7000122070312,856.0999755859375,312507
2024-03-22,781.3948364257812,828.5999755859375,839.7000122070312,822.2999877929688,838.9000244140625,368170
2024-03-25,778.471435546875,825.5,826.7999877929688,812.7999877929688,825.2000122070312,307087
2024-03-26,774.9822998046875,821.7999877929688,835.0,817.7999877929688,835.0,362907
2024-03-27,782.9979858398438,830.2999877929688,830.2999877929688,816.5999755859375,821.9000244140625,290229
2024-03-28,786.204345703125,833.7000122070312,843.0,831.5,831.5,456534
2024-04-02,774.9822998046875,821.7999877929688,843.0999755859375,818.5999755859375,833.0999755859375,383110
2024-04-03,769.5126342773438,816.0,826.5,816.0,820.0999755859375,360199
2024-04-04,772.7190551757812,819.4000244140625,822.0999755859375,810.4000244140625,816.0,218756
2024-04-05,754.235595703125,799.7999877929688,807.5,797.7000122070312,803.0999755859375,419609
2024-04-08,761.308349609375,807.2999877929688,808.2000122070312,793.9000244140625,795.7000122070312,245195
2024-04-09,749.897705078125,795.2000122070312,804.2999877929688,792.0,803.0999755859375,244279
2024-04-10,747.822998046875,793.0,803.9000244140625,782.4000244140625,803.2000122070312,262823
2024-04-11,745.4654541015625,790.5,798.2000122070312,784.9000244140625,788.7999877929688,231588
2024-04-12,736.6953125,781.2000122070312,801.7000122070312,775.2999877929688,797.2000122070312,285370
2024-04-15,749.5204467773438,794.7999877929688,804.7999877929688,782.0,786.2000122070312,344661
2024-04-16,737.2611694335938,781.7999877929688,795.0,780.0999755859375,783.4000244140625,345405
2024-04-17,758.1963500976562,804.0,823.5999755859375,794.9000244140625,806.2999877929688,504860
2024-04-18,751.406494140625,796.7999877929688,808.7999877929688,792.5999755859375,804.0999755859375,300881
2024-04-19,751.2179565429688,796.5999755859375,799.0999755859375,785.0,790.4000244140625,348245
2024-04-22,751.406494140625,796.7999877929688,805.7000122070312,792.5,802.0,195796
2024-04-23,761.2120361328125,799.5999755859375,799.5999755859375,793.5,795.0,230251
2024-04-24,761.7832641601562,800.2000122070312,810.7999877929688,792.5,794.5,242086
2024-04-25,740.6489868164062,778.0,805.7000122070312,770.2000122070312,804.7999877929688,312597
2024-04-26,754.1672973632812,792.2000122070312,797.7000122070312,784.0,789.0,230329
2024-04-29,741.7913818359375,779.2000122070312,795.0,775.5,794.5,228207
2024-04-30,737.2218627929688,774.4000244140625,781.5999755859375,772.0,779.9000244140625,316018
2024-05-02,730.1771240234375,767.0,780.5,765.0,780.0,233167
2024-05-03,744.4569702148438,782.0,791.5,770.5,773.0,232682
2024-05-06,744.1714477539062,781.7000122070312,787.0,776.9000244140625,784.7000122070312,131557
2024-05-07,751.5017700195312,789.4000244140625,790.7999877929688,777.7999877929688,787.7999877929688,215579
2024-05-08,750.0737915039062,787.9000244140625,795.7000122070312,786.0,790.0,204110
2024-05-09,751.1209106445312,789.0,789.0,778.0999755859375,785.0,150180
2024-05-10,750.5496826171875,788.4000244140625,796.4000244140625,787.0,795.0999755859375,303924
2024-05-13,745.0281372070312,782.5999755859375,793.0999755859375,782.0999755859375,792.5999755859375,167046
2024-05-14,753.8817138671875,791.9000244140625,791.9000244140625,780.0999755859375,783.5999755859375,196008
2024-05-15,751.1209106445312,789.0,790.7000122070312,773.0999755859375,790.7000122070312,288308
2024-05-16,748.2649536132812,786.0,788.5999755859375,782.5999755859375,785.5999755859375,199466
2024-05-17,745.5994262695312,783.2000122070312,790.5999755859375,779.2000122070312,782.0,337814
2024-05-20,741.6961669921875,779.0999755859375,785.7999877929688,777.7000122070312,783.5,139035
2024-05-21,731.2242431640625,768.0999755859375,778.7999877929688,767.7000122070312,777.7000122070312,289755
2024-05-22,715.8021240234375,751.9000244140625,767.0,749.5999755859375,765.2000122070312,384139
2024-05-23,716.6588745117188,752.7999877929688,755.7999877929688,749.7000122070312,751.7999877929688,233402
2024-05-24,713.9932861328125,750.0,757.7999877929688,746.7000122070312,748.0,250821
2024-05-27,719.8956909179688,756.2000122070312,756.2000122070312,748.5,750.2999877929688,137570
2024-05-28,709.6141357421875,745.4000244140625,758.7000122070312,743.2999877929688,756.4000244140625,260605
2024-05-29,689.4319458007812,724.2000122070312,744.0999755859375,724.2000122070312,742.7999877929688,531558
2024-05-30,699.1422729492188,734.4000244140625,734.7999877929688,723.7000122070312,724.0999755859375,293903
2024-05-31,699.6182250976562,734.9000244140625,738.7999877929688,731.7000122070312,734.2000122070312,556189
2024-06-03,702.5693969726562,738.0,745.0,734.9000244140625,742.5,220908
2024-06-04,699.71337890625,735.0,744.5,735.0,740.0,239063
2024-06-05,716.4684448242188,752.5999755859375,755.0,735.2999877929688,741.7000122070312,282633
2024-06-06,726.0835571289062,762.7000122070312,767.4000244140625,756.5,758.0999755859375,348718
2024-06-07,725.8931884765625,762.5,767.5999755859375,753.2999877929688,766.2000122070312,334398
2024-06-10,710.470947265625,746.2999877929688,753.0999755859375,738.0999755859375,750.5999755859375,349551
2024-06-11,701.236572265625,736.5999755859375,751.0999755859375,731.2000122070312,749.7999877929688,436146
2024-06-12,700.09423828125,735.4000244140625,743.7999877929688,732.2000122070312,737.4000244140625,356415
2024-06-13,696.3814086914062,731.5,740.4000244140625,728.0,735.9000244140625,317043
2024-06-14,677.2463989257812,711.4000244140625,729.7000122070312,707.5999755859375,726.0,617570
2024-06-17,682.9583740234375,717.4000244140625,717.4000244140625,701.0,713.7999877929688,349463
2024-06-18,676.0088500976562,710.0999755859375,726.7000122070312,707.9000244140625,723.7000122070312,322705
2024-06-19,673.0576171875,707.0,711.4000244140625,703.2999877929688,707.0,302306
2024-06-20,679.3407592773438,713.5999755859375,715.7999877929688,706.2000122070312,707.7000122070312,375045
2024-06-21,682.8631591796875,717.2999877929688,719.5,710.4000244140625,712.7000122070312,902570
2024-06-24,691.6214599609375,726.5,730.2000122070312,716.7000122070312,718.0,262912
2024-06-25,701.427001953125,736.7999877929688,737.7999877929688,721.0999755859375,722.0999755859375,315702
2024-06-26,692.0974731445312,727.0,741.7999877929688,720.2999877929688,738.5999755859375,314903
2024-06-27,681.1495361328125,715.5,735.5999755859375,714.5999755859375,726.5999755859375,288905
2024-06-28,679.3407592773438,713.5999755859375,717.7999877929688,709.4000244140625,714.4000244140625,397918
2024-07-01,677.817626953125,712.0,732.4000244140625,711.4000244140625,730.2000122070312,302616
2024-07-02,675.5328979492188,709.5999755859375,714.7000122070312,703.0999755859375,711.9000244140625,270194
2024-07-03,680.483154296875,714.7999877929688,725.5999755859375,712.4000244140625,714.0,323582
2024-07-04,685.2431030273438,719.7999877929688,722.2999877929688,717.4000244140625,719.7999877929688,177633
2024-07-05,682.00634765625,716.4000244140625,726.0,712.5999755859375,723.9000244140625,172452
2024-07-08,662.3001708984375,695.7000122070312,719.2999877929688,695.7000122070312,711.0,475097
2024-07-09,653.9226684570312,686.9000244140625,698.2999877929688,685.5999755859375,697.0,472423
2024-07-10,664.10888671875,697.5999755859375,700.0999755859375,685.4000244140625,688.5,328745
2024-07-11,675.9136352539062,710.0,712.5,702.0,705.2999877929688,304957
2024-07-12,690.003173828125,724.7999877929688,728.9000244140625,713.7999877929688,714.2000122070312,319569
2024-07-15,671.724853515625,705.5999755859375,721.0999755859375,700.7999877929688,718.7000122070312,268855
2024-07-16,658.8729858398438,692.0999755859375,703.7000122070312,692.0,702.0999755859375,301037
2024-07-17,657.0642700195312,690.2000122070312,697.0999755859375,685.0,693.4000244140625,411556
2024-07-18,657.159423828125,690.2999877929688,699.7000122070312,690.2999877929688,698.5999755859375,297447
2024-07-19,647.1635131835938,679.7999877929688,693.7000122070312,678.0,690.0,531464
2024-07-22,658.8729858398438,692.0999755859375,696.0,684.7999877929688,685.2999877929688,300825
2024-07-23,658.39697265625,691.5999755859375,702.4000244140625,686.7000122070312,691.4000244140625,278780
2024-07-24,627.742919921875,659.4000244140625,672.7000122070312,646.5,661.2000122070312,884635
2024-07-25,621.2693481445312,652.5999755859375,658.5999755859375,648.9000244140625,657.0,454726
2024-07-26,631.2652587890625,663.0999755859375,666.2999877929688,650.2000122070312,650.5999755859375,354343
2024-07-29,623.2685546875,654.7000122070312,666.4000244140625,650.7999877929688,665.5999755859375,285420
2024-07-30,621.0789794921875,652.4000244140625,661.9000244140625,650.7999877929688,656.5999755859375,373851
2024-07-31,621.650146484375,653.0,661.4000244140625,650.0999755859375,661.0,521957
2024-08-01,611.1782836914062,642.0,649.0,639.5,647.7000122070312,501010
2024-08-02,600.2303466796875,630.5,640.7000122070312,627.2999877929688,637.5,523366
2024-08-05,594.3280029296875,624.2999877929688,626.5,611.5,621.0,724542
2024-08-06,592.0432739257812,621.9000244140625,625.7000122070312,615.2000122070312,624.0,421207
2024-08-07,601.087158203125,631.4000244140625,635.0,621.0999755859375,627.4000244140625,365579
2024-08-08,602.8959350585938,633.2999877929688,634.0,621.2999877929688,627.5,282647
2024-08-09,605.46630859375,636.0,642.2999877929688,632.4000244140625,635.2000122070312,256475
2024-08-12,604.6094360351562,635.0999755859375,641.5,634.2000122070312,640.0,260891
2024-08-13,603.7527465820312,634.2000122070312,640.5,625.5999755859375,639.0,247798
2024-08-14,613.2725830078125,644.2000122070312,646.0999755859375,638.2999877929688,641.5999755859375,385129
2024-08-15,624.506103515625,656.0,659.4000244140625,641.0999755859375,644.2999877929688,317095
2024-08-16,626.5053100585938,658.0999755859375,662.0,654.4000244140625,658.7999877929688,293393
2024-08-19,642.117919921875,674.5,676.2999877929688,660.0999755859375,660.9000244140625,372040
2024-08-20,645.2594604492188,677.7999877929688,680.0,674.9000244140625,675.9000244140625,282425
2024-08-21,646.2114868164062,678.7999877929688,681.5,675.0,675.0,233343
2024-08-22,645.4498901367188,678.0,685.5999755859375,678.0,680.9000244140625,201641
2024-08-23,648.4010620117188,681.0999755859375,681.4000244140625,673.4000244140625,678.0,263102
2024-08-26,649.2578735351562,682.0,686.0,680.9000244140625,681.5,144375
2024-08-27,637.6435546875,669.7999877929688,686.4000244140625,668.2999877929688,683.9000244140625,293654
2024-08-28,634.2164916992188,666.2000122070312,674.0999755859375,665.7999877929688,672.7999877929688,282346
2024-08-29,644.8787231445312,677.4000244140625,677.5999755859375,667.0,667.7999877929688,267209
2024-08-30,641.9275512695312,674.2999877929688,688.0,674.2999877929688,678.7000122070312,410037
2024-09-02,640.8803100585938,673.2000122070312,673.4000244140625,662.2000122070312,670.9000244140625,212577
2024-09-03,638.6908569335938,670.9000244140625,681.5,670.0,677.5,250244
2024-09-04,611.7493896484375,642.5999755859375,659.7999877929688,641.2999877929688,652.5999755859375,577522
2024-09-05,589.472900390625,619.2000122070312,640.9000244140625,617.4000244140625,640.7999877929688,745288
2024-09-06,582.6184692382812,612.0,622.2000122070312,612.0,619.0,546371
2024-09-09,586.6168823242188,616.2000122070312,620.2000122070312,608.5,612.0,402861
2024-09-10,582.9993286132812,612.4000244140625,620.7999877929688,610.5999755859375,614.0,324128
2024-09-11,577.8585815429688,607.0,619.2999877929688,602.4000244140625,612.4000244140625,453877
2024-09-12,577.6681518554688,606.7999877929688,617.5,603.0,616.7000122070312,438724
2024-09-13,578.90576171875,608.0999755859375,614.9000244140625,606.0,606.0,545500
2024-09-16,574.621826171875,603.5999755859375,613.5,603.2000122070312,608.2999877929688,338885
2024-09-17,578.5249633789062,607.7000122070312,611.9000244140625,603.5,608.2000122070312,519693
2024-09-18,567.2914428710938,595.9000244140625,609.5,595.9000244140625,608.9000244140625,674035
2024-09-19,584.5225219726562,614.0,618.4000244140625,607.2999877929688,611.0,488717
2024-09-20,563.4835205078125,591.9000244140625,606.9000244140625,591.9000244140625,606.0,1100069
2024-09-23,566.5299072265625,595.0999755859375,595.0999755859375,582.0999755859375,590.0,488038
2024-09-24,584.61767578125,614.0999755859375,623.2999877929688,609.9000244140625,616.9000244140625,615136
2024-09-25,587.8544311523438,617.5,620.9000244140625,611.0999755859375,614.0,356730
2024-09-26,645.9259033203125,678.5,678.5,643.5,646.0,1241572
2024-09-27,669.6304931640625,703.4000244140625,703.4000244140625,682.5,700.0,1037670
2024-09-30,655.44580078125,688.5,707.7999877929688,687.5999755859375,699.4000244140625,653733
2024-10-01,632.1220092773438,664.0,686.0999755859375,660.4000244140625,680.0,602354
2024-10-02,636.310791015625,668.4000244140625,676.0999755859375,661.2999877929688,669.0,404963
2024-10-03,629.2660522460938,661.0,665.5,654.2000122070312,665.4000244140625,338628
2024-10-04,630.1229248046875,661.9000244140625,669.2000122070312,656.2999877929688,658.2999877929688,468425
2024-10-07,647.1635131835938,679.7999877929688,681.9000244140625,664.2999877929688,666.0,549344
2024-10-08,624.0300903320312,655.5,659.7999877929688,633.4000244140625,639.2999877929688,503394
2024-10-09,624.886962890625,656.4000244140625,660.9000244140625,648.4000244140625,658.7000122070312,360690
2024-10-10,623.55419921875,655.0,659.2999877929688,651.0,656.4000244140625,374144
2024-10-11,621.745361328125,653.0999755859375,654.7999877929688,646.0999755859375,650.0,344991
2024-10-14,607.1798706054688,637.7999877929688,652.2000122070312,632.2999877929688,651.5999755859375,569992
2024-10-15,595.3751831054688,625.4000244140625,639.0,621.7000122070312,637.7000122070312,638849
2024-10-16,573.4794311523438,602.4000244140625,610.5,578.7999877929688,587.9000244140625,1140718
2024-10-17,580.1433715820312,609.4000244140625,613.5999755859375,598.5,605.2999877929688,448798
2024-10-18,593.2808227539062,623.2000122070312,630.7999877929688,615.2000122070312,615.2000122070312,593408
2024-10-21,581.66650390625,611.0,625.7000122070312,609.7000122070312,620.7999877929688,343944
2024-10-22,586.4264526367188,616.0,619.7000122070312,609.2999877929688,612.4000244140625,317511
2024-10-23,584.1416625976562,613.5999755859375,617.7999877929688,609.2000122070312,611.2999877929688,277957
2024-10-24,598.516845703125,628.7000122070312,635.5999755859375,613.2000122070312,613.2000122070312,517019
2024-10-25,596.8983764648438,627.0,628.7999877929688,621.5,626.5999755859375,320113
2024-10-28,601.7535400390625,632.0999755859375,639.5,628.2000122070312,632.4000244140625,339359
2024-10-29,600.6111450195312,630.9000244140625,644.5,630.0,631.5,361684
2024-10-30,588.4256591796875,618.0999755859375,625.9000244140625,608.5999755859375,624.0999755859375,536640
2024-10-31,580.524169921875,609.7999877929688,617.2999877929688,605.2999877929688,615.0,525312
2024-11-01,581.66650390625,611.0,614.0999755859375,608.4000244140625,610.7000122070312,263325
2024-11-04,577.572998046875,606.7000122070312,618.7999877929688,606.2999877929688,611.0,239750
2024-11-05,573.6697387695312,602.5999755859375,610.7999877929688,599.2999877929688,610.5999755859375,310746
2024-11-06,574.1458129882812,603.0999755859375,627.4000244140625,597.2000122070312,605.5,508054
2024-11-07,589.282470703125,619.0,623.5999755859375,599.0,601.7000122070312,461210
2024-11-08,569.6714477539062,598.4000244140625,621.7999877929688,595.4000244140625,621.5,645633
2024-11-11,570.7186279296875,599.5,606.7000122070312,597.5999755859375,601.0,386814
2024-11-12,544.919677734375,572.4000244140625,591.2999877929688,565.7000122070312,585.2999877929688,962644
2024-11-13,546.4428100585938,574.0,578.4000244140625,569.9000244140625,571.9000244140625,550029
2024-11-14,556.3436279296875,584.4000244140625,587.2000122070312,565.4000244140625,572.0,590102
2024-11-15,558.1522827148438,586.2999877929688,591.5,579.7000122070312,581.0,370430
2024-11-18,560.3419189453125,588.5999755859375,590.2000122070312,582.2000122070312,589.4000244140625,288165
2024-11-19,549.5844116210938,577.2999877929688,591.5,569.2000122070312,588.4000244140625,501362
2024-11-20,547.7756958007812,575.4000244140625,585.5,575.4000244140625,582.5,301138
2024-11-21,547.2997436523438,574.9000244140625,576.2000122070312,566.9000244140625,570.2000122070312,361231
2024-11-22,555.0108032226562,583.0,585.0999755859375,570.7000122070312,579.7000122070312,412214
2024-11-25,564.0547485351562,592.5,600.0999755859375,590.2999877929688,593.0,617916
2024-11-26,567.3865966796875,596.0,607.7000122070312,581.2999877929688,589.2999877929688,379593
2024-11-27,561.7698974609375,590.0999755859375,595.2000122070312,586.7000122070312,591.7000122070312,386614
2024-11-28,558.3427124023438,586.5,592.9000244140625,586.0,589.5999755859375,260194
2024-11-29,564.0547485351562,592.5,593.0999755859375,583.4000244140625,584.9000244140625,440017
2024-12-02,582.4080200195312,606.0999755859375,608.7999877929688,582.2000122070312,585.0999755859375,617665
2024-12-03,585.386962890625,609.2000122070312,620.2000122070312,605.4000244140625,610.0,495066
2024-12-04,586.3478393554688,610.2000122070312,614.5,606.7999877929688,610.0999755859375,443542
2024-12-05,585.386962890625,609.2000122070312,614.0,604.7000122070312,606.0,408680
2024-12-06,605.7582397460938,630.4000244140625,634.2999877929688,608.5,609.0999755859375,544275
2024-12-09,627.0904541015625,652.5999755859375,658.7999877929688,640.0,640.0,746422
2024-12-10,611.1392822265625,636.0,645.2000122070312,634.6500244140625,642.0,481366
2024-12-11,618.6343994140625,643.7999877929688,645.7999877929688,628.5999755859375,631.0,437445
2024-12-12,620.7484130859375,646.0,655.0,636.7999877929688,652.5999755859375,469338
2024-12-13,614.0220336914062,639.0,648.5999755859375,636.2000122070312,642.9000244140625,423295
2024-12-16,606.5269165039062,631.2000122070312,638.0999755859375,627.4000244140625,630.9000244140625,403172
2024-12-17,610.7549438476562,635.5999755859375,640.5,625.7000122070312,627.0,410131
2024-12-18,611.6197509765625,636.5,639.5999755859375,631.2999877929688,636.9000244140625,441362
2024-12-19,602.9716186523438,627.5,633.0,623.7999877929688,624.4000244140625,465932
2024-12-20,603.548095703125,628.0999755859375,632.7000122070312,617.0999755859375,625.7000122070312,764729
2024-12-23,604.605224609375,629.2000122070312,629.5,623.5,626.2999877929688,264215
2024-12-24,606.142578125,630.7999877929688,633.2000122070312,629.9000244140625,630.5,76311
2024-12-27,610.7549438476562,635.5999755859375,638.0,630.0,630.5999755859375,254536
2024-12-30,604.7012329101562,629.2999877929688,636.0999755859375,628.0,632.2999877929688,292211
2024-12-31,610.6588745117188,635.5,637.7000122070312,623.0999755859375,625.5999755859375,99667
2025-01-02,610.5628051757812,635.4000244140625,639.4000244140625,619.2999877929688,637.9000244140625,374039
2025-01-03,587.40478515625,611.2999877929688,635.7999877929688,609.5999755859375,635.0,415336
2025-01-06,609.7940063476562,634.5999755859375,643.9000244140625,613.2999877929688,614.7000122070312,611624
2025-01-07,619.3070678710938,644.5,646.2000122070312,632.4000244140625,636.2999877929688,432713
2025-01-08,610.85107421875,635.7000122070312,645.0,630.2999877929688,643.7000122070312,380525
2025-01-09,622.6702880859375,648.0,649.0999755859375,629.7000122070312,630.2999877929688,408809
2025-01-10,619.7875366210938,645.0,655.0,642.4000244140625,645.0999755859375,410414
2025-01-13,621.1328125,646.4000244140625,648.5999755859375,638.5999755859375,642.0,293771
2025-01-14,625.552978515625,651.0,662.4000244140625,651.0,657.7000122070312,466755
2025-01-15,612.29248046875,637.2000122070312,653.4000244140625,637.2000122070312,648.4000244140625,528879
2025-01-16,668.3135375976562,695.5,700.7000122070312,678.0,690.0,1078089
2025-01-17,663.1246337890625,690.0999755859375,699.5,685.5999755859375,691.0999755859375,714731
2025-01-20,656.398193359375,683.0999755859375,696.2000122070312,680.9000244140625,690.0,418509
2025-01-21,673.8867797851562,701.2999877929688,701.2999877929688,683.0999755859375,684.0,521381
2025-01-22,685.898193359375,713.7999877929688,714.2999877929688,697.7999877929688,700.0,617979
2025-01-23,692.432373046875,720.5999755859375,721.4000244140625,708.9000244140625,715.0999755859375,575485
2025-01-24,705.4046630859375,734.0999755859375,750.0,725.2000122070312,750.0,713005
2025-01-27,725.2954711914062,754.7999877929688,754.7999877929688,728.5999755859375,735.2000122070312,633190
2025-01-28,721.2597045898438,750.5999755859375,762.7000122070312,746.2999877929688,749.2999877929688,567637
2025-01-29,685.3216552734375,713.2000122070312,722.2000122070312,700.0,720.5,984398
2025-01-30,687.8200073242188,715.7999877929688,718.9000244140625,710.7999877929688,718.4000244140625,420057
2025-01-31,676.0007934570312,703.5,718.0,698.7999877929688,716.9000244140625,578611
2025-02-03,663.1246337890625,690.0999755859375,693.7999877929688,683.2999877929688,685.0999755859375,695311
2025-02-04,665.6229858398438,692.7000122070312,695.2999877929688,682.9000244140625,692.2999877929688,370853
2025-02-05,659.1848754882812,686.0,691.7000122070312,680.0,688.0,356956
2025-02-06,669.6588134765625,696.9000244140625,699.4000244140625,679.0,684.7999877929688,485215
2025-02-07,657.4552001953125,684.2000122070312,696.0,682.7999877929688,695.0,401010
2025-02-10,658.5122680664062,685.2999877929688,687.0999755859375,678.7999877929688,684.4000244140625,336364
2025-02-11,658.4161987304688,685.2000122070312,687.2999877929688,677.7999877929688,681.9000244140625,297413
2025-02-12,660.9144897460938,687.7999877929688,691.0999755859375,672.0,687.9000244140625,443368
2025-02-13,679.55615234375,707.2000122070312,708.7999877929688,694.5,698.7999877929688,501427
2025-02-14,685.1294555664062,713.0,723.0,711.0999755859375,720.0,594098
2025-02-17,674.0789794921875,701.5,710.2999877929688,698.2999877929688,708.0,336521
2025-02-18,677.5382690429688,705.0999755859375,707.5999755859375,699.2000122070312,705.2000122070312,338875
2025-02-19,663.8933715820312,690.9000244140625,703.7999877929688,688.5,702.9000244140625,426698
2025-02-20,668.3135375976562,695.5,699.5999755859375,685.5,685.5999755859375,333595
2025-02-21,674.94384765625,702.4000244140625,707.0999755859375,695.5,695.5,459121
2025-02-24,665.04638671875,692.0999755859375,701.9000244140625,688.5,701.4000244140625,364363
2025-02-25,657.4552001953125,684.2000122070312,690.5,683.2000122070312,689.0999755859375,348738
2025-02-26,672.9259033203125,700.2999877929688,706.9000244140625,692.5999755859375,694.0,384656
2025-02-27,666.00732421875,693.0999755859375,697.9000244140625,686.0,689.0,394320
2025-02-28,667.737060546875,694.9000244140625,694.9000244140625,680.2000122070312,683.5,864547
2025-03-03,663.7972412109375,690.7999877929688,700.9000244140625,685.0,691.2000122070312,481251
2025-03-04,641.31201171875,667.4000244140625,682.9000244140625,662.0999755859375,680.9000244140625,615046
2025-03-05,638.3330688476562,664.2999877929688,681.4000244140625,664.2999877929688,680.2999877929688,593863
2025-03-06,627.474853515625,653.0,669.7999877929688,646.2999877929688,669.7999877929688,639967
2025-03-07,609.89013671875,634.7000122070312,647.7999877929688,628.5999755859375,647.7000122070312,809708
2025-03-10,605.662109375,630.2999877929688,640.0,624.7000122070312,636.2000122070312,643780
2025-03-11,596.533447265625,620.7999877929688,635.7999877929688,616.5,635.7999877929688,538927
2025-03-12,587.8853149414062,611.7999877929688,625.4000244140625,605.5999755859375,624.5,594281
2025-03-13,581.3511352539062,605.0,616.7999877929688,598.5999755859375,606.0,696157
2025-03-14,581.4472045898438,605.0999755859375,619.4000244140625,600.0999755859375,604.0,583739
2025-03-17,585.867431640625,609.7000122070312,611.2000122070312,600.0,605.4000244140625,431806
2025-03-18,586.1557006835938,610.0,616.2000122070312,608.2000122070312,612.5999755859375,456803
2025-03-19,586.7321166992188,610.5999755859375,614.7999877929688,605.2000122070312,607.9000244140625,412984
2025-03-20,580.8706665039062,604.5,611.2000122070312,601.0999755859375,605.5999755859375,443424
2025-03-21,578.9487915039062,602.5,602.5,593.5,600.9000244140625,1133127
2025-03-24,572.9910888671875,596.2999877929688,609.4000244140625,595.7000122070312,605.7000122070312,416599
2025-03-25,574.9129638671875,598.2999877929688,605.5,596.2000122070312,598.0,455181
2025-03-26,571.2615356445312,594.5,600.0999755859375,591.7999877929688,596.7999877929688,427920
2025-03-27,566.0726318359375,589.0999755859375,594.4000244140625,586.2000122070312,590.5,500514
2025-03-28,564.1507568359375,587.0999755859375,590.0,580.7999877929688,584.7000122070312,619971
2025-03-31,549.3528442382812,571.7000122070312,582.0,567.9000244140625,580.0,657683
2025-04-01,552.6198120117188,575.0999755859375,579.2999877929688,572.0999755859375,579.0999755859375,485067
2025-04-02,552.7159423828125,575.2000122070312,578.0,571.2999877929688,572.7000122070312,423436
2025-04-03,521.6785888671875,542.9000244140625,563.0,541.2999877929688,561.7000122070312,907025
2025-04-04,509.28277587890625,530.0,547.9000244140625,521.7000122070312,544.2000122070312,1173669
2025-04-07,487.7583923339844,507.6000061035156,539.5999755859375,482.54998779296875,500.0,1529400
2025-04-08,499.4814453125,519.7999877929688,526.7999877929688,501.29998779296875,517.4000244140625,902072
2025-04-09,478.9179992675781,498.3999938964844,510.6000061035156,494.1499938964844,496.70001220703125,984156
2025-04-10,503.70947265625,524.2000122070312,548.0,520.4000244140625,547.4000244140625,912107
2025-04-11,503.90167236328125,524.4000244140625,532.0,512.7999877929688,528.2000122070312,574896
2025-04-14,509.37884521484375,530.0999755859375,536.0,524.5999755859375,535.0,593484
2025-04-15,469.54913330078125,488.6499938964844,502.3999938964844,484.75,501.0,1693077
2025-04-16,466.2339782714844,485.20001220703125,489.0,479.29998779296875,483.0,1094429
2025-04-17,466.6183166503906,485.6000061035156,493.29998779296875,480.95001220703125,482.1000061035156,902702
2025-04-22,468.2518615722656,487.29998779296875,489.79998779296875,471.25,489.45001220703125,809138
2025-04-23,480.74371337890625,500.29998779296875,515.0999755859375,491.8500061035156,492.3500061035156,844261
2025-04-24,487.47491455078125,499.70001220703125,501.79998779296875,486.04998779296875,490.25,605877
2025-04-25,486.596923828125,498.79998779296875,506.5,497.25,504.0,561897
2025-04-28,489.7186279296875,502.0,507.1000061035156,501.1000061035156,502.29998779296875,517430
2025-04-29,477.3293151855469,489.29998779296875,503.20001220703125,489.29998779296875,499.70001220703125,711370
2025-04-30,475.9635925292969,487.8999938964844,493.3500061035156,483.20001220703125,490.8999938964844,889223
2025-05-02,483.7191162109375,495.8500061035156,497.79998779296875,485.95001220703125,496.20001220703125,793013
2025-05-05,480.2071533203125,492.25,497.8999938964844,490.54998779296875,496.79998779296875,389637
2025-05-06,477.1342468261719,489.1000061035156,492.95001220703125,484.3999938964844,492.0,476847
2025-05-07,471.6712341308594,483.5,491.0,482.0,489.1000061035156,542053
2025-05-08,475.37823486328125,487.29998779296875,496.70001220703125,482.3500061035156,485.79998779296875,673673
2025-05-09,483.6215515136719,495.75,498.25,491.45001220703125,492.3999938964844,503875
2025-05-12,517.5213623046875,530.5,536.4000244140625,508.29998779296875,509.0,924869
2025-05-13,523.7648315429688,536.9000244140625,541.0999755859375,530.2000122070312,532.0,627140
2025-05-14,512.35107421875,525.2000122070312,537.9000244140625,521.2000122070312,537.9000244140625,585731
2025-05-15,494.8889465332031,507.29998779296875,521.0,505.79998779296875,518.9000244140625,585025
2025-05-16,491.5721435546875,503.8999938964844,510.70001220703125,499.25,506.6000061035156,793318
2025-05-19,486.4018249511719,498.6000061035156,505.5,491.45001220703125,501.5,565393
2025-05-20,492.54766845703125,504.8999938964844,505.6000061035156,492.79998779296875,499.0,491158
2025-05-21,481.5729064941406,493.6499938964844,502.1000061035156,490.29998779296875,498.3999938964844,582521
2025-05-22,473.2320861816406,485.1000061035156,491.95001220703125,477.6000061035156,486.1499938964844,762477
2025-05-23,467.2813415527344,479.0,489.8500061035156,466.79998779296875,486.79998779296875,830264
2025-05-26,471.6224670410156,483.45001220703125,488.70001220703125,480.25,487.04998779296875,318156
2025-05-27,470.1103820800781,481.8999938964844,485.0,475.3999938964844,475.75,440665
2025-05-28,471.81756591796875,483.6499938964844,486.1000061035156,481.70001220703125,485.0,533957
2025-05-29,469.4762878417969,481.25,497.6499938964844,479.20001220703125,495.1000061035156,367399
2025-05-30,466.5496826171875,478.25,483.5,477.1499938964844,481.1000061035156,930255
2025-06-02,465.525390625,477.20001220703125,478.8999938964844,467.3500061035156,471.8500061035156,432937
2025-06-03,462.013427734375,473.6000061035156,477.75,466.0,475.79998779296875,594655
2025-06-04,464.98883056640625,476.6499938964844,479.29998779296875,470.8999938964844,475.0,529986
2025-06-05,458.5990905761719,470.1000061035156,483.95001220703125,467.70001220703125,481.1499938964844,545281
2025-06-06,459.7209167480469,471.25,474.1499938964844,467.70001220703125,468.0,289488
2025-06-09,460.0135803222656,471.54998779296875,477.3500061035156,470.45001220703125,471.0,390447
2025-06-10,463.2328796386719,474.8500061035156,475.3999938964844,466.1499938964844,466.75,524847
2025-06-11,459.0868225097656,470.6000061035156,482.75,470.5,476.8500061035156,637539
2025-06-12,457.379638671875,468.8500061035156,472.29998779296875,462.95001220703125,468.0,525876
2025-06-13,450.1119079589844,461.3999938964844,463.25,457.25,460.0,574846
2025-06-16,455.9163513183594,467.3500061035156,469.6000061035156,461.29998779296875,461.29998779296875,428699
2025-06-17,449.4290466308594,460.70001220703125,467.25,459.1499938964844,461.3999938964844,409249
2025-06-18,452.6970520019531,464.04998779296875,466.20001220703125,459.6000061035156,459.79998779296875,380815
2025-06-19,441.4784240722656,452.54998779296875,459.79998779296875,450.54998779296875,456.0,475583
2025-06-20,438.9420471191406,449.95001220703125,457.0,448.70001220703125,454.75,1523772
2025-06-23,438.7956848144531,449.79998779296875,451.29998779296875,444.0249938964844,445.70001220703125,399236
2025-06-24,442.45391845703125,453.54998779296875,467.20001220703125,450.0,465.1000061035156,513993
2025-06-25,433.9179992675781,444.79998779296875,456.0,443.8500061035156,453.6499938964844,480189
2025-06-26,426.8453674316406,437.54998779296875,449.79998779296875,436.54998779296875,445.29998779296875,561542
2025-06-27,438.30792236328125,449.29998779296875,449.29998779296875,440.29998779296875,441.1000061035156,536063
2025-06-30,433.7229309082031,444.6000061035156,452.95001220703125,444.6000061035156,449.95001220703125,627500
2025-07-01,457.5747375488281,469.04998779296875,469.04998779296875,446.5,446.5,676415
2025-07-02,476.5489196777344,488.5,492.6499938964844,466.1499938964844,474.20001220703125,1092297
2025-07-03,474.01251220703125,485.8999938964844,495.25,485.04998779296875,495.0,600087
2025-07-04,465.67169189453125,477.3500061035156,483.6000061035156,474.8999938964844,482.70001220703125,359252
2025-07-07,463.7206115722656,475.3500061035156,479.1499938964844,470.6000061035156,478.0,327388
2025-07-08,470.8420104980469,482.6499938964844,484.8999938964844,472.8500061035156,474.75,417527
2025-07-09,475.9148254394531,487.8500061035156,489.6000061035156,479.6499938964844,483.3500061035156,459382
2025-07-10,492.6452331542969,505.0,505.0,488.29998779296875,489.75,685442
2025-07-11,475.76849365234375,487.70001220703125,501.29998779296875,487.70001220703125,501.0,483687
2025-07-14,467.81787109375,479.54998779296875,484.1499938964844,477.45001220703125,481.5,416095
2025-07-15,465.67169189453125,477.3500061035156,486.5,477.3500061035156,479.45001220703125,414119
2025-07-16,463.9645080566406,475.6000061035156,479.3999938964844,469.54998779296875,474.3500061035156,402058
2025-07-17,465.1839294433594,476.8500061035156,485.3500061035156,472.25,479.3500061035156,429162
2025-07-18,461.1842346191406,472.75,484.3999938964844,470.6000061035156,481.0,451192
2025-07-21,457.3308410644531,468.79998779296875,474.8500061035156,465.29998779296875,474.1499938964844,352498
2025-07-22,454.1603698730469,465.54998779296875,470.20001220703125,463.54998779296875,466.1499938964844,413256
2025-07-23,468.2080993652344,479.95001220703125,480.8500061035156,473.3500061035156,477.1499938964844,466961
2025-07-24,458.7453918457031,470.25,483.5,463.75,483.25,522409
2025-07-25,476.7440490722656,488.70001220703125,494.3999938964844,460.1000061035156,464.95001220703125,1004012
2025-07-28,477.2318115234375,489.20001220703125,500.20001220703125,487.54998779296875,495.75,667768
2025-07-29,463.18408203125,474.79998779296875,489.45001220703125,474.79998779296875,489.0,699038
2025-07-30,468.988525390625,480.75,487.1499938964844,474.79998779296875,474.79998779296875,503050
2025-07-31,460.7940368652344,472.3500061035156,481.04998779296875,470.20001220703125,479.29998779296875,570240
2025-08-01,450.35577392578125,461.6499938964844,471.20001220703125,460.0,470.0,565862
2025-08-04,450.9898986816406,462.29998779296875,466.0,458.70001220703125,462.1499938964844,409317
2025-08-05,445.331787109375,456.5,464.5,451.6000061035156,463.45001220703125,524030
2025-08-06,446.50244140625,457.70001220703125,460.8500061035156,452.3999938964844,459.0,288926
2025-08-07,449.8192443847656,461.1000061035156,469.0,457.79998779296875,460.0,317921
2025-08-08,450.0631408691406,461.3500061035156,466.54998779296875,458.1499938964844,464.6499938964844,237798
2025-08-11,446.79510498046875,458.0,467.8500061035156,455.5,465.0,325684
2025-08-12,445.96588134765625,457.1499938964844,462.04998779296875,450.1499938964844,460.0,406963
2025-08-13,458.1112976074219,469.6000061035156,470.3500061035156,458.8500061035156,459.54998779296875,400911
2025-08-14,461.3305358886719,472.8999938964844,473.0,463.25,471.3999938964844,468887
2025-08-15,464.4522705078125,476.1000061035156,477.20001220703125,470.95001220703125,474.0,436434
2025-08-18,464.2084045410156,475.8500061035156,477.6000061035156,469.8500061035156,477.1499938964844,374669
2025-08-19,477.9146423339844,489.8999938964844,491.29998779296875,475.04998779296875,475.54998779296875,403634
2025-08-20,481.4753723144531,493.54998779296875,498.79998779296875,484.95001220703125,485.79998779296875,408762
2025-08-21,473.134521484375,485.0,493.54998779296875,482.54998779296875,492.1499938964844,318262
2025-08-22,482.9874572753906,495.1000061035156,498.6000061035156,481.45001220703125,481.75,423115
2025-08-25,476.1098937988281,488.04998779296875,495.6000061035156,486.1000061035156,495.25,286199
2025-08-26,474.3539733886719,486.25,495.3500061035156,482.6499938964844,483.1000061035156,2474373
2025-08-27,489.7186279296875,502.0,507.1000061035156,486.20001220703125,486.79998779296875,518343
2025-08-28,500.54705810546875,513.0999755859375,525.5,502.70001220703125,502.70001220703125,638110
2025-08-29,491.7672424316406,504.1000061035156,515.5999755859375,504.1000061035156,510.0,452290
2025-09-01,491.3770446777344,503.70001220703125,508.8999938964844,501.70001220703125,505.5,206296
2025-09-02,500.44952392578125,513.0,523.7000122070312,511.3999938964844,512.0999755859375,566516
2025-09-03,508.0586853027344,520.7999877929688,524.7999877929688,516.5,518.0999755859375,594776
2025-09-04,486.88958740234375,499.1000061035156,520.0,498.8999938964844,516.7999877929688,595875
2025-09-05,484.10931396484375,496.25,503.1000061035156,490.6000061035156,500.0,518330
2025-09-08,484.0117492675781,496.1499938964844,499.3500061035156,492.8500061035156,498.1499938964844,294081
2025-09-09,479.9632873535156,492.0,503.5,487.8999938964844,495.45001220703125,339904
2025-09-10,477.768310546875,489.75,497.8500061035156,486.6000061035156,491.25,431683
2025-09-11,475.4270324707031,487.3500061035156,493.45001220703125,483.54998779296875,490.8500061035156,357770
2025-09-12,478.64630126953125,490.6499938964844,494.1499938964844,483.04998779296875,486.5,382126
2025-09-15,491.86480712890625,504.20001220703125,506.20001220703125,492.29998779296875,492.79998779296875,420577
2025-09-16,495.2792053222656,507.70001220703125,516.0999755859375,502.6000061035156,503.79998779296875,559413
2025-09-17,498.79107666015625,511.29998779296875,512.2999877929688,503.5,510.1000061035156,508171
2025-09-18,504.9369812011719,517.5999755859375,525.2999877929688,509.29998779296875,509.6000061035156,529829
2025-09-19,498.1082458496094,510.6000061035156,521.7999877929688,510.6000061035156,514.0,884978
2025-09-22,494.5963134765625,507.0,512.9000244140625,502.5,510.6000061035156,286999
2025-09-23,510.4000244140625,523.2000122070312,530.0999755859375,507.6000061035156,510.0,502090
2025-09-24,496.6449279785156,509.1000061035156,521.5999755859375,507.70001220703125,521.2999877929688,530170
2025-09-25,494.40118408203125,506.79998779296875,514.2000122070312,504.6000061035156,509.1000061035156,394947
2025-09-26,503.0834655761719,515.7000122070312,520.4000244140625,508.79998779296875,510.0,395227
2025-09-29,510.30242919921875,523.0999755859375,525.7999877929688,514.4000244140625,519.0999755859375,398489
2025-09-30,507.7660217285156,520.5,524.4000244140625,516.7000122070312,522.0,461947
2025-10-01,511.1803894042969,524.0,529.7999877929688,521.7000122070312,523.2999877929688,381637
2025-10-02,529.6181030273438,542.9000244140625,544.5999755859375,533.2999877929688,533.7999877929688,561065
2025-10-03,539.5684204101562,553.0999755859375,553.0999755859375,539.5999755859375,542.9000244140625,586960
2025-10-06,527.17919921875,540.4000244140625,551.4000244140625,537.7000122070312,551.0,600595
2025-10-07,546.2996826171875,560.0,563.2000122070312,545.0,546.0,689135
2025-10-08,561.4204711914062,575.5,576.9000244140625,554.7999877929688,555.7000122070312,651388
2025-10-09,545.5192260742188,559.2000122070312,585.2999877929688,558.7999877929688,585.0,535910
2025-10-10,532.6422119140625,546.0,567.7000122070312,543.7999877929688,562.0,582762
2025-10-13,527.17919921875,540.4000244140625,557.0999755859375,535.9000244140625,548.2000122070312,518104
2025-10-14,519.76513671875,532.7999877929688,536.0,527.4000244140625,534.0,448092
2025-10-15,583.2724609375,597.9000244140625,611.7999877929688,585.5,602.0,1376612
2025-10-16,587.46728515625,602.2000122070312,607.9000244140625,593.2999877929688,598.7000122070312,553170
2025-10-17,590.881591796875,605.7000122070312,608.0,594.0999755859375,597.0,429369
2025-10-20,597.125,612.0999755859375,614.0999755859375,605.2999877929688,607.2000122070312,360732
2025-10-21,601.7100219726562,616.7999877929688,619.5999755859375,608.7000122070312,609.2000122070312,381067
2025-10-22,607.9534912109375,623.2000122070312,623.2000122070312,606.7000122070312,610.9000244140625,709684
2025-10-23,605.6121826171875,620.7999877929688,631.7000122070312,620.5999755859375,622.2999877929688,370311
2025-10-24,597.5152587890625,612.5,624.2000122070312,609.0,622.0,276678
2025-10-27,596.5397338867188,611.5,614.4000244140625,603.2000122070312,613.0,291320
2025-10-28,599.5639038085938,614.5999755859375,617.0,606.4000244140625,606.5999755859375,253829
2025-10-29,603.6611328125,618.7999877929688,620.2000122070312,610.0,611.2999877929688,367283
2025-10-30,595.1740112304688,610.0999755859375,618.5999755859375,605.2000122070312,614.9000244140625,286364
2025-10-31,597.125,612.0999755859375,613.7000122070312,605.7000122070312,607.2999877929688,367194
2025-11-03,601.7100219726562,616.7999877929688,621.7000122070312,609.0,612.7000122070312,310321
2025-11-04,596.2470703125,611.2000122070312,612.5,602.0,609.9000244140625,291674
2025-11-05,597.8079223632812,612.7999877929688,617.5999755859375,591.4000244140625,596.2999877929688,286517
2025-11-06,585.3211059570312,600.0,617.0999755859375,598.5,610.7999877929688,403702
2025-11-07,588.4428100585938,603.2000122070312,606.4000244140625,600.5999755859375,602.2000122070312,291704
2025-11-10,602.783203125,617.9000244140625,620.5999755859375,611.2000122070312,616.2000122070312,323780
2025-11-11,617.4161987304688,632.9000244140625,639.0999755859375,621.2999877929688,622.0999755859375,405420
2025-11-12,631.3663330078125,647.2000122070312,650.4000244140625,635.0,637.0,487410
2025-11-13,621.2207641601562,636.7999877929688,654.7000122070312,636.0,650.0,450276
2025-11-14,621.4158935546875,637.0,643.9000244140625,628.2999877929688,635.7999877929688,357865
2025-11-17,608.7339477539062,624.0,634.5,620.0999755859375,632.0,321628
2025-11-18,596.3446044921875,611.2999877929688,617.7000122070312,606.0999755859375,615.0,499293
2025-11-19,594.6862182617188,609.5999755859375,614.7000122070312,603.7000122070312,608.7000122070312,329533
2025-11-20,604.4415893554688,619.5999755859375,626.7999877929688,611.9000244140625,614.0999755859375,406558
2025-11-21,607.7584228515625,623.0,623.0,609.0999755859375,610.7999877929688,451386
2025-11-24,606.4901733398438,621.7000122070312,630.7000122070312,620.7999877929688,630.0,654594
2025-11-25,604.14892578125,619.2999877929688,623.5,613.5999755859375,621.7000122070312,381010
2025-11-26,610.0996704101562,625.4000244140625,628.0999755859375,617.9000244140625,623.7000122070312,287616
2025-11-27,612.05078125,627.4000244140625,628.7000122070312,621.5999755859375,625.4000244140625,157842
2025-11-28,619.9525756835938,635.5,637.4000244140625,627.7000122070312,629.0999755859375,380928
2025-12-01,626.9764404296875,642.7000122070312,646.5,632.7000122070312,635.7999877929688,368728
2025-12-02,625.9924926757812,636.2000122070312,646.7000122070312,632.0,639.2000122070312,370567
2025-12-03,620.1871337890625,630.2999877929688,633.9000244140625,624.7000122070312,630.5,325251
2025-12-04,622.9421997070312,633.0999755859375,634.7999877929688,630.9000244140625,632.9000244140625,383235
2025-12-05,618.0223999023438,628.0999755859375,631.0,621.5999755859375,630.0999755859375,405642
2025-12-08,615.1690063476562,625.2000122070312,627.4000244140625,619.0,625.9000244140625,272878
2025-12-09,606.4117431640625,616.2999877929688,623.7999877929688,614.9000244140625,621.5,226771
2025-12-10,608.8716430664062,618.7999877929688,624.7999877929688,611.0,616.0,301108
2025-12-11,615.1690063476562,625.2000122070312,630.7999877929688,620.4000244140625,625.0,308923
2025-12-12,614.480224609375,624.5,630.0,621.2999877929688,625.0,234630
2025-12-15,616.0545043945312,626.0999755859375,636.7000122070312,624.9000244140625,625.5999755859375,288301
2025-12-16,626.2876586914062,636.5,638.0,622.4000244140625,622.7000122070312,439780
2025-12-17,621.564697265625,631.7000122070312,636.0999755859375,624.5999755859375,635.7000122070312,310852
2025-12-18,627.1732788085938,637.4000244140625,640.0,626.4000244140625,629.9000244140625,358735
2025-12-19,621.564697265625,631.7000122070312,639.5999755859375,624.0999755859375,627.0999755859375,656414
2025-12-22,617.62890625,627.7000122070312,634.7000122070312,625.7999877929688,631.0,242753
2025-12-23,617.2352905273438,627.2999877929688,630.5,625.2000122070312,627.7000122070312,161944
2025-12-24,621.958251953125,632.0999755859375,634.7000122070312,629.5,629.7000122070312,55878
2025-12-29,623.0406494140625,633.2000122070312,635.5999755859375,629.0999755859375,632.9000244140625,199081
2025-12-30,629.042724609375,639.2999877929688,641.5999755859375,630.0999755859375,631.0999755859375,179559
2025-12-31,634.6513061523438,645.0,645.0,635.7000122070312,636.9000244140625,105713
2026-01-02,631.5026245117188,641.7999877929688,646.2000122070312,637.9000244140625,641.5,313581
2026-01-05,632.486572265625,642.7999877929688,649.0,635.7000122070312,643.7000122070312,266328
2026-01-06,634.0609741210938,644.4000244140625,647.5999755859375,631.7000122070312,638.7000122070312,296253
2026-01-07,619.2031860351562,629.2999877929688,644.9000244140625,619.4000244140625,644.7999877929688,382674
2026-01-08,624.3197631835938,634.5,636.9000244140625,621.7999877929688,624.0,274288
2026-01-09,641.6373291015625,652.0999755859375,654.2999877929688,635.0999755859375,635.0999755859375,426319
2026-01-12,637.8983154296875,648.2999877929688,654.2000122070312,643.0999755859375,653.2999877929688,275960
2026-01-13,636.2255859375,646.5999755859375,652.4000244140625,643.5999755859375,646.9000244140625,262288
2026-01-14,627.6652221679688,637.9000244140625,652.0,635.4000244140625,648.2999877929688,478234
2026-01-15,615.6609497070312,625.7000122070312,647.2999877929688,622.7000122070312,645.7999877929688,570522
2026-01-16,599.4257202148438,609.2000122070312,626.0999755859375,602.2999877929688,623.5999755859375,574531
2026-01-19,573.4492797851562,582.7999877929688,590.2000122070312,580.0,585.0,568048
2026-01-20,560.8546142578125,570.0,577.2000122070312,564.2000122070312,576.2000122070312,775476
2026-01-21,575.810791015625,585.2000122070312,587.0999755859375,575.2000122070312,576.9000244140625,401160
2026-01-22,586.142333984375,595.7000122070312,598.0,590.0,596.9000244140625,424103
2026-01-23,581.9113159179688,591.4000244140625,596.5,586.2000122070312,592.5999755859375,307456
2026-01-26,578.5658569335938,588.0,592.2999877929688,585.2999877929688,589.9000244140625,324393
2026-01-27,579.844970703125,589.2999877929688,593.4000244140625,584.5,586.7000122070312,351605
2026-01-28,534.091064453125,542.7999877929688,567.5,535.4000244140625,556.0,1402549
2026-01-29,533.697509765625,542.4000244140625,552.0,540.5999755859375,543.2999877929688,609605
2026-01-30,538.1253051757812,546.9000244140625,551.2000122070312,541.9000244140625,548.7000122070312,579526
2026-02-02,529.6632080078125,538.2999877929688,548.9000244140625,538.2999877929688,547.0,670274
2026-02-03,520.512451171875,529.0,543.5999755859375,522.9000244140625,543.4000244140625,668007
2026-02-04,527.49853515625,536.0999755859375,537.7000122070312,527.5,530.4000244140625,474341
2026-02-05,529.5648803710938,538.2000122070312,543.0,532.0999755859375,538.7000122070312,400469
2026-02-06,527.596923828125,536.2000122070312,537.5999755859375,527.4000244140625,534.0,328385
2026-02-09,526.809814453125,535.4000244140625,538.0,532.4000244140625,536.0999755859375,276311
2026-02-10,529.0728759765625,537.7000122070312,543.9000244140625,527.0999755859375,540.0,424913
2026-02-11,516.6749877929688,525.0999755859375,538.2000122070312,525.0999755859375,536.5,389742
2026-02-12,516.0846557617188,524.5,534.7000122070312,524.2000122070312,533.0,452881
2026-02-13,505.9499206542969,514.2000122070312,524.0999755859375,512.0,524.0999755859375,575387
2026-02-16,509.984130859375,518.2999877929688,527.9000244140625,518.0999755859375,521.7000122070312,270417
2026-02-17,519.2333374023438,527.7000122070312,529.0999755859375,515.2000122070312,515.5,319076
2026-02-18,525.3338623046875,533.9000244140625,534.5,523.2000122070312,529.0,372173
2026-02-19,522.9723510742188,531.5,531.7999877929688,523.2999877929688,529.0999755859375,352903
2026-02-20,545.8001098632812,554.7000122070312,559.2000122070312,540.0999755859375,541.4000244140625,929807
2026-02-23,549.0471801757812,558.0,569.5999755859375,552.0,554.5,510414
2026-02-24,552.7861938476562,561.7999877929688,566.2999877929688,552.0999755859375,554.5999755859375,377541
2026-02-25,544.1273803710938,553.0,568.2000122070312,549.2999877929688,568.0,420512
2026-02-26,542.7498168945312,551.5999755859375,558.9000244140625,548.4000244140625,549.5999755859375,370208
2026-02-27,535.3701782226562,544.0999755859375,549.9000244140625,538.9000244140625,548.0,623509
2026-03-02,512.1488647460938,520.5,528.7999877929688,506.0,510.0,774130
2026-03-03,494.1424560546875,502.20001220703125,513.5999755859375,496.3500061035156,511.0,811981
2026-03-04,499.2590026855469,507.3999938964844,510.0,498.8500061035156,509.6000061035156,543674
2026-03-05,497.6846923828125,505.79998779296875,510.29998779296875,497.8500061035156,500.0,628564
2026-03-06,494.1424560546875,502.20001220703125,512.2000122070312,496.79998779296875,509.8999938964844,539491
2026-03-09,489.71466064453125,497.70001220703125,500.1000061035156,487.8500061035156,492.1000061035156,561652
2026-03-10,496.4055480957031,504.5,512.5,500.20001220703125,510.0,497768
2026-03-11,492.2729187011719,500.29998779296875,505.3999938964844,497.6499938964844,500.0,513248
2026-03-12,487.0579833984375,495.0,497.3999938964844,490.20001220703125,495.29998779296875,557471
2026-03-13,466.0997314453125,473.70001220703125,493.1499938964844,470.54998779296875,489.20001220703125,845874
2026-03-16,471.314697265625,479.0,480.625,468.04998779296875,476.3500061035156,561707
2026-03-17,464.6729736328125,472.25,481.20001220703125,470.8999938964844,481.04998779296875,474737
2026-03-18,461.0323486328125,468.54998779296875,478.1499938964844,464.79998779296875,473.79998779296875,772066
2026-03-19,452.8655090332031,460.25,465.1000061035156,458.8500061035156,461.6499938964844,772011
2026-03-20,450.6024475097656,457.95001220703125,468.6499938964844,453.6499938964844,465.0,1359678
2026-03-23,459.1136474609375,466.6000061035156,481.54998779296875,450.8999938964844,451.0,762197
2026-03-24,453.35748291015625,460.75,473.45001220703125,456.67498779296875,470.20001220703125,586208
2026-03-25,454.93182373046875,462.3500061035156,468.20001220703125,457.6000061035156,465.0,482280
2026-03-26,450.9468078613281,458.29998779296875,466.1499938964844,456.1499938964844,456.1499938964844,648041
2026-03-27,448.4377136230469,455.75,459.70001220703125,453.3500061035156,458.29998779296875,507326
2026-03-30,456.2109680175781,463.6499938964844,463.79998779296875,454.6499938964844,455.45001220703125,366692
2026-03-31,455.6697998046875,463.1000061035156,467.04998779296875,459.3500061035156,460.3500061035156,536097
2026-04-01,463.54144287109375,471.1000061035156,477.8999938964844,465.54998779296875,477.20001220703125,447850
2026-04-02,463.4922180175781,471.04998779296875,474.70001220703125,463.75,467.1000061035156,310354
2026-04-07,459.359619140625,466.8500061035156,481.95001220703125,464.6499938964844,475.0,446476
2026-04-08,490.8462219238281,498.8500061035156,505.5,492.75,498.25,948639
2026-04-09,476.1852722167969,483.95001220703125,494.8500061035156,475.67498779296875,493.04998779296875,631425
2026-04-10,475.5456848144531,483.29998779296875,492.8500061035156,483.29998779296875,488.45001220703125,495552
2026-04-13,474.02056884765625,481.75,481.75,473.20001220703125,476.0,505697
2026-04-14,473.72540283203125,481.45001220703125,487.6499938964844,466.5,476.0,988273
2026-04-15,474.16815185546875,481.8999938964844,483.45001220703125,468.25,478.8999938964844,562316
2026-04-16,476.2836608886719,484.04998779296875,490.0,481.75,484.1000061035156,419784
2026-04-17,491.3873596191406,499.3999938964844,503.70001220703125,483.3999938964844,485.79998779296875,875001
2026-04-20,482.6793518066406,490.54998779296875,492.6000061035156,484.6499938964844,488.95001220703125,482695
2026-04-21,478.2023620605469,486.0,497.3999938964844,486.0,490.3999938964844,530998
2026-04-22,466.6900939941406,474.29998779296875,484.95001220703125,473.5,483.75,458903
2026-04-23,467.5756530761719,475.20001220703125,477.6499938964844,468.1499938964844,470.0,562027
2026-04-24,464.0826110839844,471.6499938964844,474.79998779296875,464.25,469.8500061035156,472376
2026-04-27,459.95001220703125,467.45001220703125,474.25,466.3999938964844,473.25,373342
2026-04-28,454.75,454.75,464.5,454.75,461.0,507456
2026-04-29,448.45001220703125,448.45001220703125,453.3500061035156,445.3999938964844,452.6000061035156,482053
2026-04-30,451.3999938964844,451.3999938964844,452.29998779296875,440.0,444.8500061035156,663061
2026-05-04,444.95001220703125,444.95001220703125,455.3500061035156,443.20001220703125,453.5,639945
2026-05-05,450.95001220703125,450.95001220703125,453.1499938964844,441.25,442.04998779296875,467424
2026-05-06,474.0,474.0,479.8500061035156,454.1000061035156,455.0,755072
2026-05-07,478.29998779296875,478.29998779296875,493.5,476.6499938964844,477.45001220703125,625472
2026-05-08,472.70001220703125,472.70001220703125,477.45001220703125,471.5,474.0,338602
2026-05-11,452.0,452.0,471.6000061035156,450.0,470.3500061035156,683161
2026-05-12,453.04998779296875,453.04998779296875,460.95001220703125,449.79998779296875,451.0,494592
2026-05-13,452.29998779296875,452.29998779296875,454.3999938964844,444.75,452.20001220703125,556573
2026-05-14,460.8500061035156,460.8500061035156,462.54998779296875,453.79998779296875,456.8500061035156,461620
2026-05-15,455.6000061035156,455.6000061035156,459.79998779296875,452.79998779296875,454.5,530300
2026-05-18,456.25,456.25,461.25,444.3500061035156,445.75,488335
2026-05-19,462.0,462.0,465.8500061035156,454.6000061035156,456.04998779296875,528303
2026-05-20,473.79998779296875,473.79998779296875,480.0,458.8500061035156,460.70001220703125,574600
2026-05-21,473.54998779296875,473.54998779296875,480.6000061035156,468.54998779296875,472.8999938964844,569293
2026-05-22,472.6000061035156,472.6000061035156,484.5249938964844,469.79998779296875,481.0,433313
2026-05-25,477.8999938964844,477.8999938964844,480.6499938964844,473.95001220703125,476.20001220703125,375016
2026-05-26,469.20001220703125,469.20001220703125,477.0,469.1000061035156,477.0,347337
2026-05-27,483.95001220703125,483.95001220703125,493.1000061035156,473.3999938964844,474.1499938964844,723742
2026-05-28,480.95001220703125,480.95001220703125,486.6499938964844,473.95001220703125,479.75,417341
2026-05-29,473.04998779296875,473.04998779296875,491.1000061035156,473.04998779296875,486.0,1701998
2026-06-01,469.79998779296875,469.79998779296875,482.6499938964844,465.3999938964844,475.29998779296875,621288
2026-06-02,475.0,475.0,479.75,471.75,473.0,558401
2026-06-03,460.8500061035156,460.8500061035156,475.5,460.8500061035156,473.3999938964844,525369
2026-06-04,474.1000061035156,474.1000061035156,479.95001220703125,460.95001220703125,461.04998779296875,478113
2026-06-05,479.04998779296875,479.04998779296875,484.6000061035156,474.70001220703125,474.70001220703125,526691
2026-06-08,482.45001220703125,482.45001220703125,486.6499938964844,470.54998779296875,473.1499938964844,468807
2026-06-09,492.29998779296875,492.29998779296875,496.29998779296875,479.95001220703125,480.0,565574
2026-06-10,487.6499938964844,487.6499938964844,497.75,485.54998779296875,496.29998779296875,631718
2026-06-11,493.20001220703125,493.20001220703125,508.6000061035156,484.0,485.75,756418
2026-06-12,510.6000061035156,510.6000061035156,521.2000122070312,501.1000061035156,508.0,930219
2026-06-15,512.5999755859375,512.5999755859375,537.2000122070312,512.5999755859375,535.0,872269
2026-06-16,520.2999877929688,520.2999877929688,523.7999877929688,509.79998779296875,512.7999877929688,582796
2026-06-17,511.0,511.0,526.4000244140625,509.1000061035156,521.4000244140625,644240
2026-06-18,505.1000061035156,505.1000061035156,517.5,505.1000061035156,507.0,858552
2026-06-19,499.25,499.25,516.2999877929688,499.25,510.70001220703125,1653923
2026-06-22,481.3500061035156,481.3500061035156,501.5,481.3500061035156,499.20001220703125,1100825
2026-06-23,483.70001220703125,483.70001220703125,485.25,475.29998779296875,478.8500061035156,496595
2026-06-24,493.0,493.0,495.3999938964844,484.6499938964844,484.6499938964844,527249
2026-06-25,494.3999938964844,494.3999938964844,499.79998779296875,487.45001220703125,490.8999938964844,467979
2026-06-26,495.75,495.75,498.5,487.20001220703125,493.45001220703125,469731
2026-06-29,492.29998779296875,492.29998779296875,496.75,488.3999938964844,494.45001220703125,331762
2026-06-30,484.1000061035156,484.1000061035156,491.5,478.54998779296875,490.0,594173
2026-07-01,481.0,481.0,483.0,471.3500061035156,482.25,535982
2026-07-02,497.95001220703125,497.95001220703125,502.20001220703125,483.79998779296875,484.54998779296875,496575
2026-07-03,495.70001220703125,495.70001220703125,497.29998779296875,489.25,495.45001220703125,268319
2026-07-06,491.3999938964844,491.3999938964844,503.79998779296875,489.04998779296875,495.6499938964844,310889
2026-07-07,495.79998779296875,495.79998779296875,502.20001220703125,494.6000061035156,497.29998779296875,346975
2026-07-08,484.8999938964844,484.8999938964844,494.6000061035156,480.25,493.54998779296875,562427
2026-07-09,492.95001220703125,492.95001220703125,493.79998779296875,484.6000061035156,486.8500061035156,356874
2026-07-10,489.8999938964844,489.8999938964844,495.1499938964844,486.3500061035156,492.95001220703125,331061
2026-07-13,491.5,491.5,494.20001220703125,486.0,487.8500061035156,243416
2026-07-14,482.95001220703125,482.95001220703125,486.1000061035156,475.20001220703125,484.6499938964844,293665
2026-07-15,495.79998779296875,495.79998779296875,500.8999938964844,481.1499938964844,497.6499938964844,562190
2026-07-16,503.1000061035156,503.1000061035156,503.1000061035156,491.0,491.0,404055
2026-07-17,495.1000061035156,495.1000061035156,502.29998779296875,491.17498779296875,499.54998779296875,403029
2026-07-20,486.8500061035156,486.8500061035156,494.54998779296875,484.25,491.95001220703125,288346
2026-07-21,478.54998779296875,478.54998779296875,486.95001220703125,477.04998779296875,483.6000061035156,524344
2026-07-22,474.0,474.0,479.54998779296875,470.8500061035156,475.0,570614
2026-07-23,453.54998779296875,453.54998779296875,470.0,453.20001220703125,470.0,858456
2026-07-24,461.70001220703125,461.70001220703125,461.70001220703125,449.5,451.79998779296875,602580
2026-07-27,466.79998779296875,466.79998779296875,469.04998779296875,462.6000061035156,465.79998779296875,613625
2026-07-28,470.29998779296875,470.29998779296875,481.1499938964844,451.79998779296875,469.3999938964844,876705
2026-07-29,467.95001220703125,467.95001220703125,486.3999938964844,465.25,477.0,684597
2026-07-30,473.29998779296875,473.29998779296875,478.3999938964844,462.54998779296875,467.29998779296875,538828
2026-07-31,475.1499938964844,475.1499938964844,478.8999938964844,467.5,468.95001220703125,429187
2026-08-03,486.8999938964844,486.8999938964844,496.3500061035156,474.7749938964844,474.79998779296875,546862
2026-08-04,485.0,485.0,485.20001220703125,475.1000061035156,484.70001220703125,407738
2026-08-05,479.70001220703125,479.70001220703125,483.6000061035156,471.0,483.1000061035156,455763
2026-08-06,481.45001220703125,481.45001220703125,488.1000061035156,481.45001220703125,481.5,500848
2026-08-07,480.0,480.0,483.70001220703125,478.1499938964844,480.75,404209
2026-08-10,482.45001220703125,482.45001220703125,487.5,478.8999938964844,479.29998779296875,302858
2026-08-11,478.79998779296875,478.79998779296875,486.5,478.29998779296875,481.54998779296875,277428
2026-08-12,464.95001220703125,464.95001220703125,476.1499938964844,460.3500061035156,476.0,590879
2026-08-13,460.0,460.0,468.5,460.0,467.0,515560
2026-08-14,458.3999938964844,458.3999938964844,463.1499938964844,457.25,460.79998779296875,363942
2026-08-17,446.0,446.0,459.70001220703125,444.70001220703125,456.0,589215
2026-08-18,447.75,447.75,449.75,444.1499938964844,444.6000061035156,462483
2026-08-19,456.0,456.0,457.1000061035156,446.8500061035156,447.79998779296875,450881
2026-08-20,443.1000061035156,443.1000061035156,455.3999938964844,443.1000061035156,453.0,558304
2026-08-21,452.5,452.5,453.29998779296875,442.5,443.1000061035156,401255
2026-08-24,459.3500061035156,459.3500061035156,459.8500061035156,451.3999938964844,452.8999938964844,408727
2026-08-25,450.70001220703125,450.70001220703125,461.25,450.3500061035156,460.8500061035156,319509
2026-08-26,453.79998779296875,453.79998779296875,457.70001220703125,452.70001220703125,453.0,295618
2026-08-27,447.3999938964844,447.3999938964844,451.6000061035156,445.04998779296875,451.6000061035156,379474
2026-08-28,458.1499938964844,458.1499938964844,461.1499938964844,449.95001220703125,450.0,467296
2026-08-31,453.29998779296875,453.29998779296875,461.04998779296875,453.1499938964844,458.95001220703125,547253
2026-09-01,445.0,445.0,454.70001220703125,442.6499938964844,452.3500061035156,417702
2026-09-02,439.0,439.0,444.45001220703125,435.6000061035156,443.29998779296875,525931
2026-09-03,431.04998779296875,431.04998779296875,437.54998779296875,425.3500061035156,436.25,727463
2026-09-04,429.1000061035156,429.1000061035156,433.75,427.5,431.25,478454
2026-09-07,431.20001220703125,431.20001220703125,432.8500061035156,423.75,427.75,288174
2026-09-08,426.54998779296875,426.54998779296875,433.3500061035156,425.6499938964844,429.1499938964844,337658
2026-09-09,411.25,411.25,422.8999938964844,408.75,421.20001220703125,1029072
2026-09-10,406.5,406.5,412.25,405.25,409.0,851589
2026-09-11,415.29998779296875,415.29998779296875,420.04998779296875,407.6000061035156,408.0,732113
2026-09-14,417.45001220703125,417.45001220703125,417.8999938964844,407.8500061035156,410.45001220703125,547272
2026-09-15,406.45001220703125,406.45001220703125,414.3500061035156,404.54998779296875,413.1499938964844,665584
2026-09-16,410.95001220703125,410.95001220703125,411.70001220703125,403.1499938964844,406.0,613823
2026-09-17,412.29998779296875,412.29998779296875,416.0,409.5,412.79998779296875,470837
2026-09-18,402.79998779296875,402.79998779296875,410.25,401.3999938964844,410.0,1227232
2026-09-21,405.5,405.5,409.1499938964844,400.0,401.75,514255
2026-09-22,401.95001220703125,401.95001220703125,409.6000061035156,401.1000061035156,404.79998779296875,676725
2026-09-23,396.8999938964844,396.8999938964844,409.20001220703125,396.3500061035156,403.04998779296875,634527
2026-09-24,397.1000061035156,397.1000061035156,401.8500061035156,395.6499938964844,398.1000061035156,667597
2026-09-25,396.8500061035156,396.8500061035156,401.79998779296875,395.1499938964844,401.45001220703125,508148
2026-09-28,398.79998779296875,398.79998779296875,401.25,392.25,399.95001220703125,499958
2026-09-29,394.6000061035156,394.6000061035156,400.0,394.29998779296875,399.5,372219
2026-09-30,390.0,390.0,398.2749938964844,390.0,395.04998779296875,829329
2026-10-01,379.5,379.5,389.25,379.1000061035156,387.0,773338
2026-10-02,378.54998779296875,378.54998779296875,383.6000061035156,376.0,377.0,609051
